대여일자,대여건수,성별,연령대코드,신규가입자수
2018-01-01,,F,~~19,7
2018-01-01,,M,~~19,9
2018-01-01,,F,20~29,58
2018-01-01,,M,20~29,81
2018-01-01,,F,30~39,32
2018-01-01,,M,30~39,46
2018-01-01,,F,40~49,19
2018-01-01,,M,40~49,26
2018-01-01,,F,50~59,9
2018-01-01,,M,50~59,8
2018-01-01,,F,60~69,3
2018-01-01,,M,60~69,4
2018-01-01,4950,,,
2018-01-02,,F,~~19,6
2018-01-02,,M,~~19,6
2018-01-02,,F,20~29,39
2018-01-02,,M,20~29,74
2018-01-02,,F,30~39,15
2018-01-02,,M,30~39,37
2018-01-02,,F,40~49,12
2018-01-02,,M,40~49,32
2018-01-02,,F,50~59,6
2018-01-02,,M,50~59,13
2018-01-02,,M,60~69,5
2018-01-02,,F,70~~,1
2018-01-02,7136,,,
2018-01-03,,F,~~19,2
2018-01-03,,M,~~19,3
2018-01-03,,F,20~29,34
2018-01-03,,M,20~29,35
2018-01-03,,F,30~39,20
2018-01-03,,M,30~39,24
2018-01-03,,F,40~49,17
2018-01-03,,M,40~49,40
2018-01-03,,F,50~59,8
2018-01-03,,M,50~59,18
2018-01-03,,M,60~69,3
2018-01-03,,M,70~~,1
2018-01-03,7156,,,
2018-01-04,,F,~~19,3
2018-01-04,,M,~~19,5
2018-01-04,,F,20~29,32
2018-01-04,,M,20~29,41
2018-01-04,,F,30~39,14
2018-01-04,,M,30~39,19
2018-01-04,,F,40~49,5
2018-01-04,,M,40~49,28
2018-01-04,,F,50~59,5
2018-01-04,,M,50~59,12
2018-01-04,,F,60~69,1
2018-01-04,,M,60~69,4
2018-01-04,7102,,,
2018-01-05,,F,~~19,11
2018-01-05,,M,~~19,3
2018-01-05,,F,20~29,35
2018-01-05,,M,20~29,43
2018-01-05,,F,30~39,23
2018-01-05,,M,30~39,22
2018-01-05,,F,40~49,12
2018-01-05,,M,40~49,16
2018-01-05,,F,50~59,3
2018-01-05,,M,50~59,8
2018-01-05,,F,60~69,1
2018-01-05,,M,60~69,6
2018-01-05,7705,,,
2018-01-06,,F,~~19,5
2018-01-06,,M,~~19,7
2018-01-06,,F,20~29,34
2018-01-06,,M,20~29,43
2018-01-06,,F,30~39,22
2018-01-06,,M,30~39,36
2018-01-06,,F,40~49,9
2018-01-06,,M,40~49,15
2018-01-06,,F,50~59,3
2018-01-06,,M,50~59,9
2018-01-06,,F,60~69,2
2018-01-06,,M,60~69,5
2018-01-06,,F,70~~,1
2018-01-06,,M,70~~,1
2018-01-06,5681,,,
2018-01-07,,F,~~19,4
2018-01-07,,M,~~19,6
2018-01-07,,F,20~29,72
2018-01-07,,M,20~29,69
2018-01-07,,F,30~39,16
2018-01-07,,M,30~39,33
2018-01-07,,F,40~49,11
2018-01-07,,M,40~49,16
2018-01-07,,F,50~59,6
2018-01-07,,M,50~59,14
2018-01-07,,F,60~69,1
2018-01-07,,M,60~69,3
2018-01-07,,F,70~~,1
2018-01-07,,M,70~~,1
2018-01-07,5220,,,
2018-01-08,,F,~~19,3
2018-01-08,,M,~~19,6
2018-01-08,,F,20~29,32
2018-01-08,,M,20~29,41
2018-01-08,,F,30~39,21
2018-01-08,,M,30~39,32
2018-01-08,,F,40~49,10
2018-01-08,,M,40~49,21
2018-01-08,,F,50~59,2
2018-01-08,,M,50~59,10
2018-01-08,,F,60~69,1
2018-01-08,,M,60~69,5
2018-01-08,,F,70~~,2
2018-01-08,6309,,,
2018-01-09,,F,~~19,3
2018-01-09,,M,~~19,6
2018-01-09,,F,20~29,35
2018-01-09,,M,20~29,40
2018-01-09,,F,30~39,14
2018-01-09,,M,30~39,13
2018-01-09,,F,40~49,3
2018-01-09,,M,40~49,15
2018-01-09,,F,50~59,6
2018-01-09,,M,50~59,10
2018-01-09,,M,60~69,2
2018-01-09,5988,,,
2018-01-10,,M,~~19,3
2018-01-10,,F,20~29,24
2018-01-10,,M,20~29,21
2018-01-10,,F,30~39,3
2018-01-10,,M,30~39,16
2018-01-10,,F,40~49,5
2018-01-10,,M,40~49,14
2018-01-10,,F,50~59,2
2018-01-10,,M,50~59,3
2018-01-10,,M,60~69,1
2018-01-10,,M,70~~,1
2018-01-10,4476,,,
2018-01-11,,F,~~19,1
2018-01-11,,F,20~29,13
2018-01-11,,M,20~29,28
2018-01-11,,F,30~39,6
2018-01-11,,M,30~39,8
2018-01-11,,F,40~49,2
2018-01-11,,M,40~49,9
2018-01-11,,F,50~59,1
2018-01-11,,M,50~59,4
2018-01-11,,F,60~69,1
2018-01-11,,M,60~69,1
2018-01-11,,M,70~~,2
2018-01-11,4337,,,
2018-01-12,,F,20~29,14
2018-01-12,,M,20~29,20
2018-01-12,,F,30~39,3
2018-01-12,,M,30~39,10
2018-01-12,,F,40~49,3
2018-01-12,,M,40~49,17
2018-01-12,,F,50~59,2
2018-01-12,,M,50~59,6
2018-01-12,,F,60~69,1
2018-01-12,,M,60~69,3
2018-01-12,4401,,,
2018-01-13,,F,~~19,2
2018-01-13,,M,~~19,6
2018-01-13,,F,20~29,20
2018-01-13,,M,20~29,18
2018-01-13,,F,30~39,7
2018-01-13,,M,30~39,16
2018-01-13,,F,40~49,4
2018-01-13,,M,40~49,7
2018-01-13,,F,50~59,5
2018-01-13,,M,50~59,2
2018-01-13,,M,60~69,2
2018-01-13,3756,,,
2018-01-14,,F,~~19,6
2018-01-14,,M,~~19,4
2018-01-14,,F,20~29,51
2018-01-14,,M,20~29,66
2018-01-14,,F,30~39,29
2018-01-14,,M,30~39,34
2018-01-14,,F,40~49,11
2018-01-14,,M,40~49,13
2018-01-14,,F,50~59,7
2018-01-14,,M,50~59,10
2018-01-14,,F,60~69,1
2018-01-14,,M,60~69,2
2018-01-14,,F,70~~,1
2018-01-14,4675,,,
2018-01-15,,F,~~19,6
2018-01-15,,M,~~19,4
2018-01-15,,F,20~29,49
2018-01-15,,M,20~29,61
2018-01-15,,F,30~39,8
2018-01-15,,M,30~39,26
2018-01-15,,F,40~49,7
2018-01-15,,M,40~49,16
2018-01-15,,F,50~59,2
2018-01-15,,M,50~59,14
2018-01-15,,M,60~69,1
2018-01-15,,F,70~~,1
2018-01-15,6993,,,
2018-01-16,,F,~~19,3
2018-01-16,,M,~~19,11
2018-01-16,,F,20~29,47
2018-01-16,,M,20~29,40
2018-01-16,,F,30~39,19
2018-01-16,,M,30~39,38
2018-01-16,,F,40~49,5
2018-01-16,,M,40~49,19
2018-01-16,,F,50~59,9
2018-01-16,,M,50~59,9
2018-01-16,,F,60~69,1
2018-01-16,,M,60~69,1
2018-01-16,7421,,,
2018-01-17,,F,~~19,6
2018-01-17,,M,~~19,6
2018-01-17,,F,20~29,53
2018-01-17,,M,20~29,59
2018-01-17,,F,30~39,10
2018-01-17,,M,30~39,25
2018-01-17,,F,40~49,7
2018-01-17,,M,40~49,26
2018-01-17,,F,50~59,3
2018-01-17,,M,50~59,7
2018-01-17,,M,60~69,2
2018-01-17,,M,70~~,1
2018-01-17,6990,,,
2018-01-18,,F,~~19,4
2018-01-18,,M,~~19,5
2018-01-18,,F,20~29,37
2018-01-18,,M,20~29,51
2018-01-18,,F,30~39,8
2018-01-18,,M,30~39,21
2018-01-18,,F,40~49,11
2018-01-18,,M,40~49,22
2018-01-18,,F,50~59,7
2018-01-18,,M,50~59,10
2018-01-18,,M,60~69,2
2018-01-18,,M,70~~,1
2018-01-18,7054,,,
2018-01-19,,F,~~19,7
2018-01-19,,M,~~19,1
2018-01-19,,F,20~29,45
2018-01-19,,M,20~29,60
2018-01-19,,F,30~39,14
2018-01-19,,M,30~39,23
2018-01-19,,F,40~49,13
2018-01-19,,M,40~49,24
2018-01-19,,F,50~59,3
2018-01-19,,M,50~59,6
2018-01-19,,F,60~69,1
2018-01-19,,M,60~69,4
2018-01-19,8329,,,
2018-01-20,,F,~~19,5
2018-01-20,,M,~~19,4
2018-01-20,,F,20~29,62
2018-01-20,,M,20~29,65
2018-01-20,,F,30~39,25
2018-01-20,,M,30~39,31
2018-01-20,,F,40~49,16
2018-01-20,,M,40~49,19
2018-01-20,,F,50~59,6
2018-01-20,,M,50~59,11
2018-01-20,,F,60~69,4
2018-01-20,,M,60~69,5
2018-01-20,6148,,,
2018-01-21,,F,~~19,9
2018-01-21,,M,~~19,3
2018-01-21,,F,20~29,52
2018-01-21,,M,20~29,70
2018-01-21,,F,30~39,26
2018-01-21,,M,30~39,37
2018-01-21,,F,40~49,22
2018-01-21,,M,40~49,24
2018-01-21,,F,50~59,6
2018-01-21,,M,50~59,12
2018-01-21,,F,60~69,2
2018-01-21,,M,60~69,2
2018-01-21,,M,70~~,1
2018-01-21,5574,,,
2018-01-22,,F,~~19,3
2018-01-22,,M,~~19,1
2018-01-22,,F,20~29,33
2018-01-22,,M,20~29,28
2018-01-22,,F,30~39,19
2018-01-22,,M,30~39,24
2018-01-22,,F,40~49,7
2018-01-22,,M,40~49,16
2018-01-22,,F,50~59,4
2018-01-22,,M,50~59,8
2018-01-22,,M,60~69,3
2018-01-22,4929,,,
2018-01-23,,M,~~19,2
2018-01-23,,F,20~29,13
2018-01-23,,M,20~29,21
2018-01-23,,F,30~39,4
2018-01-23,,M,30~39,14
2018-01-23,,F,40~49,1
2018-01-23,,M,40~49,8
2018-01-23,,F,50~59,2
2018-01-23,,M,50~59,2
2018-01-23,,F,60~69,1
2018-01-23,,M,60~69,1
2018-01-23,4263,,,
2018-01-24,,F,20~29,14
2018-01-24,,M,20~29,17
2018-01-24,,F,30~39,7
2018-01-24,,M,30~39,11
2018-01-24,,F,40~49,1
2018-01-24,,M,40~49,7
2018-01-24,,F,50~59,2
2018-01-24,,M,50~59,3
2018-01-24,,M,60~69,2
2018-01-24,3370,,,
2018-01-25,,F,~~19,1
2018-01-25,,M,~~19,1
2018-01-25,,F,20~29,14
2018-01-25,,M,20~29,12
2018-01-25,,F,30~39,2
2018-01-25,,M,30~39,9
2018-01-25,,F,40~49,3
2018-01-25,,M,40~49,7
2018-01-25,,F,50~59,2
2018-01-25,,M,50~59,2
2018-01-25,,M,60~69,2
2018-01-25,,M,70~~,1
2018-01-25,3307,,,
2018-01-26,,F,~~19,1
2018-01-26,,M,~~19,1
2018-01-26,,F,20~29,7
2018-01-26,,M,20~29,12
2018-01-26,,F,30~39,2
2018-01-26,,M,30~39,7
2018-01-26,,F,40~49,1
2018-01-26,,M,40~49,6
2018-01-26,,F,50~59,1
2018-01-26,,M,50~59,3
2018-01-26,,F,60~69,1
2018-01-26,3116,,,
2018-01-27,,F,~~19,1
2018-01-27,,M,~~19,2
2018-01-27,,F,20~29,20
2018-01-27,,M,20~29,19
2018-01-27,,F,30~39,10
2018-01-27,,M,30~39,14
2018-01-27,,F,40~49,4
2018-01-27,,M,40~49,17
2018-01-27,,F,50~59,3
2018-01-27,,M,50~59,3
2018-01-27,,F,60~69,1
2018-01-27,,M,60~69,4
2018-01-27,,M,70~~,1
2018-01-27,2833,,,
2018-01-28,,F,~~19,3
2018-01-28,,M,~~19,4
2018-01-28,,F,20~29,26
2018-01-28,,M,20~29,28
2018-01-28,,F,30~39,8
2018-01-28,,M,30~39,25
2018-01-28,,F,40~49,4
2018-01-28,,M,40~49,9
2018-01-28,,F,50~59,4
2018-01-28,,M,50~59,5
2018-01-28,,M,60~69,3
2018-01-28,,F,70~~,1
2018-01-28,3028,,,
2018-01-29,,F,~~19,1
2018-01-29,,M,~~19,1
2018-01-29,,F,20~29,15
2018-01-29,,M,20~29,23
2018-01-29,,F,30~39,7
2018-01-29,,M,30~39,13
2018-01-29,,F,40~49,5
2018-01-29,,M,40~49,8
2018-01-29,,F,50~59,5
2018-01-29,,M,50~59,6
2018-01-29,,F,60~69,1
2018-01-29,,M,60~69,1
2018-01-29,4425,,,
2018-01-30,,M,~~19,2
2018-01-30,,F,20~29,19
2018-01-30,,M,20~29,18
2018-01-30,,F,30~39,4
2018-01-30,,M,30~39,13
2018-01-30,,F,40~49,4
2018-01-30,,M,40~49,15
2018-01-30,,F,50~59,2
2018-01-30,,M,50~59,1
2018-01-30,,M,60~69,1
2018-01-30,3591,,,
2018-01-31,,F,~~19,2
2018-01-31,,M,~~19,3
2018-01-31,,F,20~29,23
2018-01-31,,M,20~29,22
2018-01-31,,F,30~39,6
2018-01-31,,M,30~39,19
2018-01-31,,F,40~49,5
2018-01-31,,M,40~49,16
2018-01-31,,F,50~59,1
2018-01-31,,M,50~59,1
2018-01-31,,F,60~69,1
2018-01-31,,M,60~69,4
2018-01-31,4104,,,
2018-02-01,,F,~~19,1
2018-02-01,,M,~~19,1
2018-02-01,,F,20~29,27
2018-02-01,,M,20~29,25
2018-02-01,,F,30~39,13
2018-02-01,,M,30~39,10
2018-02-01,,F,40~49,4
2018-02-01,,M,40~49,14
2018-02-01,,F,50~59,2
2018-02-01,,M,50~59,5
2018-02-01,,F,60~69,1
2018-02-01,,F,70~~,1
2018-02-01,5821,,,
2018-02-02,,F,~~19,4
2018-02-02,,M,~~19,4
2018-02-02,,F,20~29,33
2018-02-02,,M,20~29,39
2018-02-02,,F,30~39,10
2018-02-02,,M,30~39,19
2018-02-02,,F,40~49,6
2018-02-02,,M,40~49,15
2018-02-02,,F,50~59,3
2018-02-02,,M,50~59,10
2018-02-02,6557,,,
2018-02-03,,F,~~19,5
2018-02-03,,M,~~19,3
2018-02-03,,F,20~29,24
2018-02-03,,M,20~29,36
2018-02-03,,F,30~39,9
2018-02-03,,M,30~39,21
2018-02-03,,F,40~49,2
2018-02-03,,M,40~49,8
2018-02-03,,M,50~59,7
2018-02-03,,M,60~69,1
2018-02-03,,F,70~~,1
2018-02-03,,M,70~~,1
2018-02-03,3499,,,
2018-02-04,,F,~~19,4
2018-02-04,,M,~~19,1
2018-02-04,,F,20~29,23
2018-02-04,,M,20~29,14
2018-02-04,,F,30~39,11
2018-02-04,,M,30~39,17
2018-02-04,,F,40~49,7
2018-02-04,,M,40~49,12
2018-02-04,,F,50~59,5
2018-02-04,,M,50~59,7
2018-02-04,,M,60~69,4
2018-02-04,2642,,,
2018-02-05,,F,20~29,21
2018-02-05,,M,20~29,22
2018-02-05,,F,30~39,5
2018-02-05,,M,30~39,20
2018-02-05,,F,40~49,3
2018-02-05,,M,40~49,12
2018-02-05,,F,50~59,3
2018-02-05,,M,50~59,2
2018-02-05,,M,60~69,1
2018-02-05,4213,,,
2018-02-06,,M,~~19,3
2018-02-06,,F,20~29,17
2018-02-06,,M,20~29,12
2018-02-06,,F,30~39,4
2018-02-06,,M,30~39,10
2018-02-06,,F,40~49,3
2018-02-06,,M,40~49,10
2018-02-06,,F,50~59,2
2018-02-06,,M,50~59,4
2018-02-06,,M,60~69,1
2018-02-06,,M,70~~,1
2018-02-06,4257,,,
2018-02-07,,M,~~19,2
2018-02-07,,F,20~29,22
2018-02-07,,M,20~29,27
2018-02-07,,F,30~39,9
2018-02-07,,M,30~39,12
2018-02-07,,F,40~49,4
2018-02-07,,M,40~49,8
2018-02-07,,M,50~59,5
2018-02-07,,M,60~69,3
2018-02-07,5028,,,
2018-02-08,,F,~~19,4
2018-02-08,,M,~~19,3
2018-02-08,,F,20~29,37
2018-02-08,,M,20~29,38
2018-02-08,,F,30~39,18
2018-02-08,,M,30~39,22
2018-02-08,,F,40~49,2
2018-02-08,,M,40~49,8
2018-02-08,,F,50~59,4
2018-02-08,,M,50~59,9
2018-02-08,,F,60~69,1
2018-02-08,,M,60~69,2
2018-02-08,,F,70~~,1
2018-02-08,,M,70~~,1
2018-02-08,6114,,,
2018-02-09,,F,~~19,4
2018-02-09,,M,~~19,1
2018-02-09,,F,20~29,39
2018-02-09,,M,20~29,34
2018-02-09,,F,30~39,13
2018-02-09,,M,30~39,24
2018-02-09,,F,40~49,4
2018-02-09,,M,40~49,15
2018-02-09,,F,50~59,5
2018-02-09,,M,50~59,4
2018-02-09,,M,60~69,2
2018-02-09,,M,70~~,2
2018-02-09,6905,,,
2018-02-10,,F,~~19,7
2018-02-10,,M,~~19,5
2018-02-10,,F,20~29,29
2018-02-10,,M,20~29,47
2018-02-10,,F,30~39,15
2018-02-10,,M,30~39,28
2018-02-10,,F,40~49,7
2018-02-10,,M,40~49,15
2018-02-10,,F,50~59,5
2018-02-10,,M,50~59,11
2018-02-10,4829,,,
2018-02-11,,M,~~19,4
2018-02-11,,F,20~29,30
2018-02-11,,M,20~29,14
2018-02-11,,F,30~39,12
2018-02-11,,M,30~39,20
2018-02-11,,F,40~49,6
2018-02-11,,M,40~49,9
2018-02-11,,F,50~59,3
2018-02-11,,M,50~59,9
2018-02-11,,F,60~69,2
2018-02-11,,M,60~69,2
2018-02-11,3047,,,
2018-02-12,,F,~~19,9
2018-02-12,,M,~~19,2
2018-02-12,,F,20~29,21
2018-02-12,,M,20~29,30
2018-02-12,,F,30~39,12
2018-02-12,,M,30~39,16
2018-02-12,,F,40~49,4
2018-02-12,,M,40~49,10
2018-02-12,,F,50~59,1
2018-02-12,,M,50~59,3
2018-02-12,,F,70~~,1
2018-02-12,5231,,,
2018-02-13,,F,~~19,5
2018-02-13,,M,~~19,8
2018-02-13,,F,20~29,42
2018-02-13,,M,20~29,45
2018-02-13,,F,30~39,14
2018-02-13,,M,30~39,15
2018-02-13,,F,40~49,6
2018-02-13,,M,40~49,14
2018-02-13,,F,50~59,5
2018-02-13,,M,50~59,6
2018-02-13,,F,60~69,1
2018-02-13,,M,60~69,2
2018-02-13,,M,70~~,2
2018-02-13,6863,,,
2018-02-14,,F,~~19,8
2018-02-14,,M,~~19,3
2018-02-14,,F,20~29,64
2018-02-14,,M,20~29,63
2018-02-14,,F,30~39,23
2018-02-14,,M,30~39,29
2018-02-14,,F,40~49,12
2018-02-14,,M,40~49,16
2018-02-14,,F,50~59,4
2018-02-14,,M,50~59,12
2018-02-14,,M,60~69,2
2018-02-14,,F,70~~,1
2018-02-14,7477,,,
2018-02-15,,F,~~19,11
2018-02-15,,M,~~19,18
2018-02-15,,F,20~29,48
2018-02-15,,M,20~29,48
2018-02-15,,F,30~39,15
2018-02-15,,M,30~39,23
2018-02-15,,F,40~49,9
2018-02-15,,M,40~49,23
2018-02-15,,F,50~59,6
2018-02-15,,M,50~59,7
2018-02-15,,F,60~69,1
2018-02-15,,M,60~69,4
2018-02-15,3935,,,
2018-02-16,,F,~~19,8
2018-02-16,,M,~~19,8
2018-02-16,,F,20~29,66
2018-02-16,,M,20~29,50
2018-02-16,,F,30~39,24
2018-02-16,,M,30~39,26
2018-02-16,,F,40~49,24
2018-02-16,,M,40~49,30
2018-02-16,,F,50~59,5
2018-02-16,,M,50~59,8
2018-02-16,,F,60~69,2
2018-02-16,,M,60~69,2
2018-02-16,,F,70~~,1
2018-02-16,3047,,,
2018-02-17,,F,~~19,10
2018-02-17,,M,~~19,2
2018-02-17,,F,20~29,69
2018-02-17,,M,20~29,56
2018-02-17,,F,30~39,28
2018-02-17,,M,30~39,35
2018-02-17,,F,40~49,21
2018-02-17,,M,40~49,25
2018-02-17,,F,50~59,11
2018-02-17,,M,50~59,14
2018-02-17,,F,60~69,4
2018-02-17,,M,60~69,3
2018-02-17,,F,70~~,2
2018-02-17,,M,70~~,1
2018-02-17,3494,,,
2018-02-18,,F,~~19,10
2018-02-18,,M,~~19,10
2018-02-18,,F,20~29,104
2018-02-18,,M,20~29,68
2018-02-18,,F,30~39,39
2018-02-18,,M,30~39,53
2018-02-18,,F,40~49,18
2018-02-18,,M,40~49,29
2018-02-18,,F,50~59,11
2018-02-18,,M,50~59,12
2018-02-18,,F,60~69,5
2018-02-18,,M,60~69,5
2018-02-18,,F,70~~,1
2018-02-18,,M,70~~,1
2018-02-18,5191,,,
2018-02-19,,F,~~19,11
2018-02-19,,M,~~19,7
2018-02-19,,F,20~29,103
2018-02-19,,M,20~29,99
2018-02-19,,F,30~39,23
2018-02-19,,M,30~39,62
2018-02-19,,F,40~49,18
2018-02-19,,M,40~49,27
2018-02-19,,F,50~59,6
2018-02-19,,M,50~59,10
2018-02-19,,F,60~69,1
2018-02-19,,M,60~69,10
2018-02-19,,F,70~~,2
2018-02-19,,M,70~~,2
2018-02-19,8563,,,
2018-02-20,,F,~~19,9
2018-02-20,,M,~~19,6
2018-02-20,,F,20~29,84
2018-02-20,,M,20~29,79
2018-02-20,,F,30~39,39
2018-02-20,,M,30~39,50
2018-02-20,,F,40~49,13
2018-02-20,,M,40~49,27
2018-02-20,,F,50~59,14
2018-02-20,,M,50~59,10
2018-02-20,,F,60~69,4
2018-02-20,,M,60~69,5
2018-02-20,8899,,,
2018-02-21,,F,~~19,7
2018-02-21,,M,~~19,5
2018-02-21,,F,20~29,78
2018-02-21,,M,20~29,67
2018-02-21,,F,30~39,25
2018-02-21,,M,30~39,25
2018-02-21,,F,40~49,17
2018-02-21,,M,40~49,29
2018-02-21,,F,50~59,8
2018-02-21,,M,50~59,9
2018-02-21,,F,60~69,2
2018-02-21,,M,60~69,6
2018-02-21,,F,70~~,2
2018-02-21,8342,,,
2018-02-22,,F,~~19,8
2018-02-22,,M,~~19,5
2018-02-22,,F,20~29,66
2018-02-22,,M,20~29,63
2018-02-22,,F,30~39,17
2018-02-22,,M,30~39,21
2018-02-22,,F,40~49,13
2018-02-22,,M,40~49,20
2018-02-22,,F,50~59,5
2018-02-22,,M,50~59,15
2018-02-22,,F,60~69,2
2018-02-22,,M,60~69,2
2018-02-22,,F,70~~,1
2018-02-22,,M,70~~,1
2018-02-22,8580,,,
2018-02-23,,F,~~19,5
2018-02-23,,M,~~19,2
2018-02-23,,F,20~29,59
2018-02-23,,M,20~29,62
2018-02-23,,F,30~39,21
2018-02-23,,M,30~39,29
2018-02-23,,F,40~49,7
2018-02-23,,M,40~49,16
2018-02-23,,F,50~59,9
2018-02-23,,M,50~59,13
2018-02-23,,F,60~69,2
2018-02-23,,F,70~~,1
2018-02-23,6408,,,
2018-02-24,,F,~~19,11
2018-02-24,,M,~~19,9
2018-02-24,,F,20~29,109
2018-02-24,,M,20~29,100
2018-02-24,,F,30~39,43
2018-02-24,,M,30~39,41
2018-02-24,,F,40~49,19
2018-02-24,,M,40~49,29
2018-02-24,,F,50~59,9
2018-02-24,,M,50~59,18
2018-02-24,,F,60~69,2
2018-02-24,,M,60~69,3
2018-02-24,7198,,,
2018-02-25,,F,~~19,8
2018-02-25,,M,~~19,15
2018-02-25,,F,20~29,158
2018-02-25,,M,20~29,140
2018-02-25,,F,30~39,38
2018-02-25,,M,30~39,83
2018-02-25,,F,40~49,30
2018-02-25,,M,40~49,60
2018-02-25,,F,50~59,14
2018-02-25,,M,50~59,14
2018-02-25,,F,60~69,1
2018-02-25,,M,60~69,2
2018-02-25,7595,,,
2018-02-26,,F,~~19,27
2018-02-26,,M,~~19,11
2018-02-26,,F,20~29,149
2018-02-26,,M,20~29,138
2018-02-26,,F,30~39,48
2018-02-26,,M,30~39,69
2018-02-26,,F,40~49,28
2018-02-26,,M,40~49,37
2018-02-26,,F,50~59,9
2018-02-26,,M,50~59,12
2018-02-26,,F,60~69,2
2018-02-26,,M,60~69,6
2018-02-26,,M,70~~,2
2018-02-26,10712,,,
2018-02-27,,F,~~19,10
2018-02-27,,M,~~19,10
2018-02-27,,F,20~29,84
2018-02-27,,M,20~29,94
2018-02-27,,F,30~39,36
2018-02-27,,M,30~39,51
2018-02-27,,F,40~49,16
2018-02-27,,M,40~49,35
2018-02-27,,F,50~59,6
2018-02-27,,M,50~59,18
2018-02-27,,F,60~69,5
2018-02-27,,M,60~69,3
2018-02-27,,M,70~~,1
2018-02-27,10064,,,
2018-02-28,,F,~~19,8
2018-02-28,,M,~~19,6
2018-02-28,,F,20~29,49
2018-02-28,,M,20~29,46
2018-02-28,,F,30~39,16
2018-02-28,,M,30~39,23
2018-02-28,,F,40~49,9
2018-02-28,,M,40~49,28
2018-02-28,,F,50~59,10
2018-02-28,,M,50~59,13
2018-02-28,,F,60~69,2
2018-02-28,,M,60~69,3
2018-02-28,4230,,,
2018-03-01,,F,~~19,11
2018-03-01,,M,~~19,7
2018-03-01,,F,20~29,109
2018-03-01,,M,20~29,100
2018-03-01,,F,30~39,41
2018-03-01,,M,30~39,61
2018-03-01,,F,40~49,20
2018-03-01,,M,40~49,40
2018-03-01,,F,50~59,12
2018-03-01,,M,50~59,12
2018-03-01,,F,60~69,1
2018-03-01,,M,60~69,4
2018-03-01,,F,70~~,1
2018-03-01,,M,70~~,1
2018-03-01,5761,,,
2018-03-02,,F,~~19,4
2018-03-02,,M,~~19,9
2018-03-02,,F,20~29,110
2018-03-02,,M,20~29,112
2018-03-02,,F,30~39,52
2018-03-02,,M,30~39,49
2018-03-02,,F,40~49,17
2018-03-02,,M,40~49,35
2018-03-02,,F,50~59,11
2018-03-02,,M,50~59,18
2018-03-02,,F,60~69,2
2018-03-02,,M,60~69,2
2018-03-02,,M,70~~,1
2018-03-02,9388,,,
2018-03-03,,F,~~19,54
2018-03-03,,M,~~19,24
2018-03-03,,F,20~29,538
2018-03-03,,M,20~29,430
2018-03-03,,F,30~39,149
2018-03-03,,M,30~39,190
2018-03-03,,F,40~49,81
2018-03-03,,M,40~49,110
2018-03-03,,F,50~59,27
2018-03-03,,M,50~59,29
2018-03-03,,F,60~69,5
2018-03-03,,M,60~69,6
2018-03-03,,F,70~~,5
2018-03-03,,M,70~~,1
2018-03-03,16029,,,
2018-03-04,,F,~~19,20
2018-03-04,,M,~~19,16
2018-03-04,,F,20~29,185
2018-03-04,,M,20~29,112
2018-03-04,,F,30~39,63
2018-03-04,,M,30~39,97
2018-03-04,,F,40~49,59
2018-03-04,,M,40~49,127
2018-03-04,,F,50~59,29
2018-03-04,,M,50~59,79
2018-03-04,,F,60~69,8
2018-03-04,,M,60~69,19
2018-03-04,,F,70~~,2
2018-03-04,,M,70~~,2
2018-03-04,5373,,,
2018-03-05,,F,~~19,12
2018-03-05,,M,~~19,8
2018-03-05,,F,20~29,248
2018-03-05,,M,20~29,169
2018-03-05,,F,30~39,75
2018-03-05,,M,30~39,68
2018-03-05,,F,40~49,36
2018-03-05,,M,40~49,40
2018-03-05,,F,50~59,10
2018-03-05,,M,50~59,25
2018-03-05,,F,60~69,5
2018-03-05,,M,60~69,9
2018-03-05,,F,70~~,1
2018-03-05,9943,,,
2018-03-06,,F,~~19,14
2018-03-06,,M,~~19,8
2018-03-06,,F,20~29,262
2018-03-06,,M,20~29,162
2018-03-06,,F,30~39,69
2018-03-06,,M,30~39,85
2018-03-06,,F,40~49,25
2018-03-06,,M,40~49,66
2018-03-06,,F,50~59,16
2018-03-06,,M,50~59,31
2018-03-06,,F,60~69,2
2018-03-06,,M,60~69,5
2018-03-06,,F,70~~,1
2018-03-06,,M,70~~,3
2018-03-06,14028,,,
2018-03-07,,F,~~19,9
2018-03-07,,M,~~19,5
2018-03-07,,F,20~29,159
2018-03-07,,M,20~29,122
2018-03-07,,F,30~39,64
2018-03-07,,M,30~39,72
2018-03-07,,F,40~49,41
2018-03-07,,M,40~49,51
2018-03-07,,F,50~59,20
2018-03-07,,M,50~59,26
2018-03-07,,M,60~69,7
2018-03-07,12925,,,
2018-03-08,,F,~~19,7
2018-03-08,,M,~~19,11
2018-03-08,,F,20~29,136
2018-03-08,,M,20~29,96
2018-03-08,,F,30~39,54
2018-03-08,,M,30~39,81
2018-03-08,,F,40~49,29
2018-03-08,,M,40~49,42
2018-03-08,,F,50~59,6
2018-03-08,,M,50~59,28
2018-03-08,,F,60~69,1
2018-03-08,,M,60~69,1
2018-03-08,,F,70~~,1
2018-03-08,8812,,,
2018-03-09,,F,~~19,11
2018-03-09,,M,~~19,6
2018-03-09,,F,20~29,164
2018-03-09,,M,20~29,144
2018-03-09,,F,30~39,66
2018-03-09,,M,30~39,68
2018-03-09,,F,40~49,28
2018-03-09,,M,40~49,59
2018-03-09,,F,50~59,21
2018-03-09,,M,50~59,19
2018-03-09,,F,60~69,2
2018-03-09,,M,60~69,8
2018-03-09,,F,70~~,1
2018-03-09,,M,70~~,1
2018-03-09,13573,,,
2018-03-10,,F,~~19,26
2018-03-10,,M,~~19,18
2018-03-10,,F,20~29,312
2018-03-10,,M,20~29,239
2018-03-10,,F,30~39,104
2018-03-10,,M,30~39,118
2018-03-10,,F,40~49,56
2018-03-10,,M,40~49,77
2018-03-10,,F,50~59,30
2018-03-10,,M,50~59,33
2018-03-10,,F,60~69,5
2018-03-10,,M,60~69,4
2018-03-10,,F,70~~,2
2018-03-10,,M,70~~,2
2018-03-10,13324,,,
2018-03-11,,F,~~19,38
2018-03-11,,M,~~19,28
2018-03-11,,F,20~29,450
2018-03-11,,M,20~29,410
2018-03-11,,F,30~39,173
2018-03-11,,M,30~39,218
2018-03-11,,F,40~49,83
2018-03-11,,M,40~49,123
2018-03-11,,F,50~59,32
2018-03-11,,M,50~59,36
2018-03-11,,F,60~69,10
2018-03-11,,M,60~69,11
2018-03-11,,F,70~~,4
2018-03-11,,M,70~~,1
2018-03-11,15136,,,
2018-03-12,,F,~~19,13
2018-03-12,,M,~~19,8
2018-03-12,,F,20~29,257
2018-03-12,,M,20~29,205
2018-03-12,,F,30~39,75
2018-03-12,,M,30~39,97
2018-03-12,,F,40~49,33
2018-03-12,,M,40~49,57
2018-03-12,,F,50~59,19
2018-03-12,,M,50~59,34
2018-03-12,,F,60~69,7
2018-03-12,,M,60~69,5
2018-03-12,,F,70~~,1
2018-03-12,,M,70~~,1
2018-03-12,15913,,,
2018-03-13,,F,~~19,19
2018-03-13,,M,~~19,14
2018-03-13,,F,20~29,396
2018-03-13,,M,20~29,269
2018-03-13,,F,30~39,117
2018-03-13,,M,30~39,142
2018-03-13,,F,40~49,42
2018-03-13,,M,40~49,77
2018-03-13,,F,50~59,19
2018-03-13,,M,50~59,31
2018-03-13,,F,60~69,5
2018-03-13,,M,60~69,9
2018-03-13,,F,70~~,2
2018-03-13,,M,70~~,4
2018-03-13,19514,,,
2018-03-14,,F,~~19,42
2018-03-14,,M,~~19,23
2018-03-14,,F,20~29,676
2018-03-14,,M,20~29,445
2018-03-14,,F,30~39,174
2018-03-14,,M,30~39,185
2018-03-14,,F,40~49,74
2018-03-14,,M,40~49,92
2018-03-14,,F,50~59,21
2018-03-14,,M,50~59,40
2018-03-14,,F,60~69,4
2018-03-14,,M,60~69,11
2018-03-14,,F,70~~,3
2018-03-14,,M,70~~,3
2018-03-14,24911,,,
2018-03-15,,F,~~19,10
2018-03-15,,M,~~19,8
2018-03-15,,F,20~29,156
2018-03-15,,M,20~29,131
2018-03-15,,F,30~39,55
2018-03-15,,M,30~39,61
2018-03-15,,F,40~49,34
2018-03-15,,M,40~49,43
2018-03-15,,F,50~59,11
2018-03-15,,M,50~59,16
2018-03-15,,F,60~69,5
2018-03-15,,M,60~69,6
2018-03-15,,F,70~~,1
2018-03-15,,M,70~~,1
2018-03-15,7091,,,
2018-03-16,,F,~~19,30
2018-03-16,,M,~~19,15
2018-03-16,,F,20~29,388
2018-03-16,,M,20~29,266
2018-03-16,,F,30~39,119
2018-03-16,,M,30~39,133
2018-03-16,,F,40~49,46
2018-03-16,,M,40~49,75
2018-03-16,,F,50~59,14
2018-03-16,,M,50~59,48
2018-03-16,,F,60~69,4
2018-03-16,,M,60~69,5
2018-03-16,,F,70~~,1
2018-03-16,,M,70~~,2
2018-03-16,18415,,,
2018-03-17,,F,~~19,55
2018-03-17,,M,~~19,32
2018-03-17,,F,20~29,686
2018-03-17,,M,20~29,491
2018-03-17,,F,30~39,190
2018-03-17,,M,30~39,232
2018-03-17,,F,40~49,117
2018-03-17,,M,40~49,151
2018-03-17,,F,50~59,46
2018-03-17,,M,50~59,56
2018-03-17,,F,60~69,8
2018-03-17,,M,60~69,16
2018-03-17,,F,70~~,3
2018-03-17,,M,70~~,2
2018-03-17,20165,,,
2018-03-18,,F,~~19,24
2018-03-18,,M,~~19,27
2018-03-18,,F,20~29,332
2018-03-18,,M,20~29,280
2018-03-18,,F,30~39,142
2018-03-18,,M,30~39,148
2018-03-18,,F,40~49,85
2018-03-18,,M,40~49,116
2018-03-18,,F,50~59,23
2018-03-18,,M,50~59,36
2018-03-18,,F,60~69,2
2018-03-18,,M,60~69,12
2018-03-18,,F,70~~,3
2018-03-18,,M,70~~,3
2018-03-18,11740,,,
2018-03-19,,F,~~19,8
2018-03-19,,M,~~19,4
2018-03-19,,F,20~29,140
2018-03-19,,M,20~29,121
2018-03-19,,F,30~39,63
2018-03-19,,M,30~39,77
2018-03-19,,F,40~49,28
2018-03-19,,M,40~49,55
2018-03-19,,F,50~59,11
2018-03-19,,M,50~59,20
2018-03-19,,F,60~69,2
2018-03-19,,M,60~69,3
2018-03-19,,M,70~~,1
2018-03-19,10297,,,
2018-03-20,,F,~~19,6
2018-03-20,,M,~~19,9
2018-03-20,,F,20~29,143
2018-03-20,,M,20~29,108
2018-03-20,,F,30~39,47
2018-03-20,,M,30~39,88
2018-03-20,,F,40~49,36
2018-03-20,,M,40~49,69
2018-03-20,,F,50~59,13
2018-03-20,,M,50~59,30
2018-03-20,,F,60~69,3
2018-03-20,,M,60~69,10
2018-03-20,,M,70~~,1
2018-03-20,13205,,,
2018-03-21,,F,~~19,3
2018-03-21,,M,~~19,4
2018-03-21,,F,20~29,78
2018-03-21,,M,20~29,71
2018-03-21,,F,30~39,43
2018-03-21,,M,30~39,84
2018-03-21,,F,40~49,32
2018-03-21,,M,40~49,87
2018-03-21,,F,50~59,22
2018-03-21,,M,50~59,79
2018-03-21,,F,60~69,6
2018-03-21,,M,60~69,30
2018-03-21,,F,70~~,1
2018-03-21,,M,70~~,6
2018-03-21,8225,,,
2018-03-22,,F,~~19,11
2018-03-22,,M,~~19,9
2018-03-22,,F,20~29,205
2018-03-22,,M,20~29,169
2018-03-22,,F,30~39,97
2018-03-22,,M,30~39,109
2018-03-22,,F,40~49,37
2018-03-22,,M,40~49,73
2018-03-22,,F,50~59,24
2018-03-22,,M,50~59,50
2018-03-22,,F,60~69,3
2018-03-22,,M,60~69,16
2018-03-22,16420,,,
2018-03-23,,F,~~19,13
2018-03-23,,M,~~19,17
2018-03-23,,F,20~29,270
2018-03-23,,M,20~29,207
2018-03-23,,F,30~39,105
2018-03-23,,M,30~39,93
2018-03-23,,F,40~49,40
2018-03-23,,M,40~49,76
2018-03-23,,F,50~59,20
2018-03-23,,M,50~59,31
2018-03-23,,F,60~69,7
2018-03-23,,M,60~69,6
2018-03-23,,F,70~~,2
2018-03-23,,M,70~~,2
2018-03-23,17904,,,
2018-03-24,,F,~~19,28
2018-03-24,,M,~~19,24
2018-03-24,,F,20~29,336
2018-03-24,,M,20~29,298
2018-03-24,,F,30~39,120
2018-03-24,,M,30~39,138
2018-03-24,,F,40~49,49
2018-03-24,,M,40~49,80
2018-03-24,,F,50~59,25
2018-03-24,,M,50~59,30
2018-03-24,,F,60~69,6
2018-03-24,,M,60~69,9
2018-03-24,,M,70~~,1
2018-03-24,14914,,,
2018-03-25,,F,~~19,24
2018-03-25,,M,~~19,24
2018-03-25,,F,20~29,391
2018-03-25,,M,20~29,380
2018-03-25,,F,30~39,124
2018-03-25,,M,30~39,151
2018-03-25,,F,40~49,62
2018-03-25,,M,40~49,78
2018-03-25,,F,50~59,31
2018-03-25,,M,50~59,47
2018-03-25,,F,60~69,11
2018-03-25,,M,60~69,12
2018-03-25,,F,70~~,1
2018-03-25,,M,70~~,4
2018-03-25,13942,,,
2018-03-26,,F,~~19,14
2018-03-26,,M,~~19,15
2018-03-26,,F,20~29,199
2018-03-26,,M,20~29,186
2018-03-26,,F,30~39,70
2018-03-26,,M,30~39,118
2018-03-26,,F,40~49,29
2018-03-26,,M,40~49,64
2018-03-26,,F,50~59,19
2018-03-26,,M,50~59,29
2018-03-26,,F,60~69,4
2018-03-26,,M,60~69,8
2018-03-26,,F,70~~,2
2018-03-26,,M,70~~,1
2018-03-26,15505,,,
2018-03-27,,F,~~19,13
2018-03-27,,M,~~19,14
2018-03-27,,F,20~29,209
2018-03-27,,M,20~29,182
2018-03-27,,F,30~39,63
2018-03-27,,M,30~39,83
2018-03-27,,F,40~49,34
2018-03-27,,M,40~49,63
2018-03-27,,F,50~59,24
2018-03-27,,M,50~59,37
2018-03-27,,F,60~69,4
2018-03-27,,M,60~69,5
2018-03-27,,F,70~~,2
2018-03-27,,M,70~~,3
2018-03-27,17456,,,
2018-03-28,,F,~~19,10
2018-03-28,,M,~~19,11
2018-03-28,,F,20~29,307
2018-03-28,,M,20~29,238
2018-03-28,,F,30~39,95
2018-03-28,,M,30~39,102
2018-03-28,,F,40~49,45
2018-03-28,,M,40~49,71
2018-03-28,,F,50~59,15
2018-03-28,,M,50~59,53
2018-03-28,,F,60~69,6
2018-03-28,,M,60~69,12
2018-03-28,,F,70~~,3
2018-03-28,,M,70~~,3
2018-03-28,21232,,,
2018-03-29,,F,~~19,25
2018-03-29,,M,~~19,15
2018-03-29,,F,20~29,350
2018-03-29,,M,20~29,326
2018-03-29,,F,30~39,82
2018-03-29,,M,30~39,117
2018-03-29,,F,40~49,36
2018-03-29,,M,40~49,70
2018-03-29,,F,50~59,18
2018-03-29,,M,50~59,34
2018-03-29,,F,60~69,5
2018-03-29,,M,60~69,5
2018-03-29,,F,70~~,2
2018-03-29,,M,70~~,1
2018-03-29,21436,,,
2018-03-30,,F,~~19,35
2018-03-30,,M,~~19,34
2018-03-30,,F,20~29,528
2018-03-30,,M,20~29,412
2018-03-30,,F,30~39,134
2018-03-30,,M,30~39,182
2018-03-30,,F,40~49,49
2018-03-30,,M,40~49,102
2018-03-30,,F,50~59,29
2018-03-30,,M,50~59,30
2018-03-30,,F,60~69,4
2018-03-30,,M,60~69,10
2018-03-30,,F,70~~,2
2018-03-30,,M,70~~,3
2018-03-30,24411,,,
2018-03-31,,F,~~19,50
2018-03-31,,M,~~19,32
2018-03-31,,F,20~29,855
2018-03-31,,M,20~29,662
2018-03-31,,F,30~39,246
2018-03-31,,M,30~39,328
2018-03-31,,F,40~49,108
2018-03-31,,M,40~49,134
2018-03-31,,F,50~59,53
2018-03-31,,M,50~59,57
2018-03-31,,F,60~69,9
2018-03-31,,M,60~69,15
2018-03-31,,F,70~~,4
2018-03-31,,M,70~~,3
2018-03-31,25673,,,
2018-04-01,,F,~~19,48
2018-04-01,,M,~~19,44
2018-04-01,,F,20~29,706
2018-04-01,,M,20~29,619
2018-04-01,,F,30~39,234
2018-04-01,,M,30~39,285
2018-04-01,,F,40~49,110
2018-04-01,,M,40~49,144
2018-04-01,,F,50~59,45
2018-04-01,,M,50~59,63
2018-04-01,,F,60~69,4
2018-04-01,,M,60~69,15
2018-04-01,,F,70~~,3
2018-04-01,,M,70~~,4
2018-04-01,22994,,,
2018-04-02,,F,~~19,34
2018-04-02,,M,~~19,28
2018-04-02,,F,20~29,718
2018-04-02,,M,20~29,508
2018-04-02,,F,30~39,215
2018-04-02,,M,30~39,205
2018-04-02,,F,40~49,71
2018-04-02,,M,40~49,115
2018-04-02,,F,50~59,47
2018-04-02,,M,50~59,39
2018-04-02,,F,60~69,4
2018-04-02,,M,60~69,11
2018-04-02,,F,70~~,3
2018-04-02,,M,70~~,3
2018-04-02,28139,,,
2018-04-03,,F,~~19,33
2018-04-03,,M,~~19,19
2018-04-03,,F,20~29,534
2018-04-03,,M,20~29,366
2018-04-03,,F,30~39,171
2018-04-03,,M,30~39,198
2018-04-03,,F,40~49,56
2018-04-03,,M,40~49,100
2018-04-03,,F,50~59,38
2018-04-03,,M,50~59,46
2018-04-03,,F,60~69,7
2018-04-03,,M,60~69,5
2018-04-03,,F,70~~,3
2018-04-03,,M,70~~,3
2018-04-03,26817,,,
2018-04-04,,F,~~19,38
2018-04-04,,M,~~19,33
2018-04-04,,F,20~29,625
2018-04-04,,M,20~29,482
2018-04-04,,F,30~39,202
2018-04-04,,M,30~39,233
2018-04-04,,F,40~49,100
2018-04-04,,M,40~49,132
2018-04-04,,F,50~59,62
2018-04-04,,M,50~59,61
2018-04-04,,F,60~69,5
2018-04-04,,M,60~69,19
2018-04-04,,F,70~~,1
2018-04-04,,M,70~~,3
2018-04-04,26034,,,
2018-04-05,,F,~~19,8
2018-04-05,,M,~~19,6
2018-04-05,,F,20~29,99
2018-04-05,,M,20~29,78
2018-04-05,,F,30~39,70
2018-04-05,,M,30~39,62
2018-04-05,,F,40~49,27
2018-04-05,,M,40~49,51
2018-04-05,,F,50~59,16
2018-04-05,,M,50~59,35
2018-04-05,,F,60~69,1
2018-04-05,,M,60~69,7
2018-04-05,,F,70~~,1
2018-04-05,,M,70~~,3
2018-04-05,2833,,,
2018-04-06,,F,~~19,6
2018-04-06,,M,~~19,9
2018-04-06,,F,20~29,159
2018-04-06,,M,20~29,126
2018-04-06,,F,30~39,70
2018-04-06,,M,30~39,92
2018-04-06,,F,40~49,38
2018-04-06,,M,40~49,65
2018-04-06,,F,50~59,13
2018-04-06,,M,50~59,19
2018-04-06,,F,60~69,6
2018-04-06,,M,60~69,7
2018-04-06,,M,70~~,1
2018-04-06,13297,,,
2018-04-07,,F,~~19,19
2018-04-07,,M,~~19,25
2018-04-07,,F,20~29,255
2018-04-07,,M,20~29,232
2018-04-07,,F,30~39,90
2018-04-07,,M,30~39,134
2018-04-07,,F,40~49,60
2018-04-07,,M,40~49,66
2018-04-07,,F,50~59,26
2018-04-07,,M,50~59,26
2018-04-07,,F,60~69,8
2018-04-07,,M,60~69,5
2018-04-07,,F,70~~,1
2018-04-07,,M,70~~,2
2018-04-07,13088,,,
2018-04-08,,F,~~19,15
2018-04-08,,M,~~19,12
2018-04-08,,F,20~29,159
2018-04-08,,M,20~29,152
2018-04-08,,F,30~39,94
2018-04-08,,M,30~39,104
2018-04-08,,F,40~49,55
2018-04-08,,M,40~49,89
2018-04-08,,F,50~59,22
2018-04-08,,M,50~59,31
2018-04-08,,F,60~69,4
2018-04-08,,M,60~69,7
2018-04-08,,F,70~~,3
2018-04-08,7758,,,
2018-04-09,,F,~~19,23
2018-04-09,,M,~~19,19
2018-04-09,,F,20~29,442
2018-04-09,,M,20~29,359
2018-04-09,,F,30~39,129
2018-04-09,,M,30~39,189
2018-04-09,,F,40~49,68
2018-04-09,,M,40~49,99
2018-04-09,,F,50~59,30
2018-04-09,,M,50~59,36
2018-04-09,,F,60~69,5
2018-04-09,,M,60~69,6
2018-04-09,,F,70~~,3
2018-04-09,,M,70~~,3
2018-04-09,23925,,,
2018-04-10,,F,~~19,13
2018-04-10,,M,~~19,11
2018-04-10,,F,20~29,346
2018-04-10,,M,20~29,254
2018-04-10,,F,30~39,137
2018-04-10,,M,30~39,166
2018-04-10,,F,40~49,58
2018-04-10,,M,40~49,72
2018-04-10,,F,50~59,31
2018-04-10,,M,50~59,44
2018-04-10,,F,60~69,2
2018-04-10,,M,60~69,9
2018-04-10,,F,70~~,2
2018-04-10,,M,70~~,4
2018-04-10,20423,,,
2018-04-11,,F,~~19,19
2018-04-11,,M,~~19,12
2018-04-11,,F,20~29,324
2018-04-11,,M,20~29,303
2018-04-11,,F,30~39,115
2018-04-11,,M,30~39,148
2018-04-11,,F,40~49,43
2018-04-11,,M,40~49,97
2018-04-11,,F,50~59,22
2018-04-11,,M,50~59,51
2018-04-11,,F,60~69,10
2018-04-11,,M,60~69,8
2018-04-11,,F,70~~,3
2018-04-11,,M,70~~,3
2018-04-11,25557,,,
2018-04-12,,F,~~19,34
2018-04-12,,M,~~19,24
2018-04-12,,F,20~29,523
2018-04-12,,M,20~29,390
2018-04-12,,F,30~39,173
2018-04-12,,M,30~39,190
2018-04-12,,F,40~49,71
2018-04-12,,M,40~49,111
2018-04-12,,F,50~59,29
2018-04-12,,M,50~59,53
2018-04-12,,F,60~69,2
2018-04-12,,M,60~69,11
2018-04-12,,F,70~~,2
2018-04-12,28885,,,
2018-04-13,,F,~~19,27
2018-04-13,,M,~~19,25
2018-04-13,,F,20~29,476
2018-04-13,,M,20~29,388
2018-04-13,,F,30~39,149
2018-04-13,,M,30~39,216
2018-04-13,,F,40~49,67
2018-04-13,,M,40~49,97
2018-04-13,,F,50~59,20
2018-04-13,,M,50~59,42
2018-04-13,,F,60~69,4
2018-04-13,,M,60~69,9
2018-04-13,,F,70~~,2
2018-04-13,,M,70~~,2
2018-04-13,29497,,,
2018-04-14,,F,~~19,8
2018-04-14,,M,~~19,21
2018-04-14,,F,20~29,162
2018-04-14,,M,20~29,155
2018-04-14,,F,30~39,52
2018-04-14,,M,30~39,83
2018-04-14,,F,40~49,39
2018-04-14,,M,40~49,72
2018-04-14,,F,50~59,24
2018-04-14,,M,50~59,24
2018-04-14,,F,60~69,4
2018-04-14,,M,60~69,10
2018-04-14,,F,70~~,1
2018-04-14,,M,70~~,1
2018-04-14,8216,,,
2018-04-15,,F,~~19,26
2018-04-15,,M,~~19,24
2018-04-15,,F,20~29,452
2018-04-15,,M,20~29,345
2018-04-15,,F,30~39,176
2018-04-15,,M,30~39,195
2018-04-15,,F,40~49,79
2018-04-15,,M,40~49,115
2018-04-15,,F,50~59,43
2018-04-15,,M,50~59,44
2018-04-15,,F,60~69,6
2018-04-15,,M,60~69,9
2018-04-15,,F,70~~,2
2018-04-15,12721,,,
2018-04-16,,F,~~19,29
2018-04-16,,M,~~19,10
2018-04-16,,F,20~29,457
2018-04-16,,M,20~29,330
2018-04-16,,F,30~39,208
2018-04-16,,M,30~39,228
2018-04-16,,F,40~49,91
2018-04-16,,M,40~49,119
2018-04-16,,F,50~59,35
2018-04-16,,M,50~59,45
2018-04-16,,F,60~69,5
2018-04-16,,M,60~69,11
2018-04-16,,F,70~~,2
2018-04-16,,M,70~~,3
2018-04-16,29589,,,
2018-04-17,,F,~~19,13
2018-04-17,,M,~~19,19
2018-04-17,,F,20~29,460
2018-04-17,,M,20~29,350
2018-04-17,,F,30~39,178
2018-04-17,,M,30~39,203
2018-04-17,,F,40~49,61
2018-04-17,,M,40~49,110
2018-04-17,,F,50~59,48
2018-04-17,,M,50~59,35
2018-04-17,,F,60~69,4
2018-04-17,,M,60~69,11
2018-04-17,,F,70~~,2
2018-04-17,28236,,,
2018-04-18,,F,~~19,26
2018-04-18,,M,~~19,19
2018-04-18,,F,20~29,469
2018-04-18,,M,20~29,311
2018-04-18,,F,30~39,192
2018-04-18,,M,30~39,198
2018-04-18,,F,40~49,90
2018-04-18,,M,40~49,129
2018-04-18,,F,50~59,60
2018-04-18,,M,50~59,82
2018-04-18,,F,60~69,9
2018-04-18,,M,60~69,22
2018-04-18,,F,70~~,4
2018-04-18,,M,70~~,5
2018-04-18,23499,,,
2018-04-19,,F,~~19,23
2018-04-19,,M,~~19,16
2018-04-19,,F,20~29,477
2018-04-19,,M,20~29,337
2018-04-19,,F,30~39,167
2018-04-19,,M,30~39,184
2018-04-19,,F,40~49,77
2018-04-19,,M,40~49,108
2018-04-19,,F,50~59,42
2018-04-19,,M,50~59,42
2018-04-19,,F,60~69,8
2018-04-19,,M,60~69,7
2018-04-19,,F,70~~,3
2018-04-19,,M,70~~,1
2018-04-19,20400,,,
2018-04-20,,F,~~19,26
2018-04-20,,M,~~19,27
2018-04-20,,F,20~29,511
2018-04-20,,M,20~29,343
2018-04-20,,F,30~39,160
2018-04-20,,M,30~39,202
2018-04-20,,F,40~49,67
2018-04-20,,M,40~49,105
2018-04-20,,F,50~59,31
2018-04-20,,M,50~59,54
2018-04-20,,F,60~69,5
2018-04-20,,M,60~69,13
2018-04-20,,F,70~~,2
2018-04-20,28351,,,
2018-04-21,,F,~~19,47
2018-04-21,,M,~~19,43
2018-04-21,,F,20~29,1049
2018-04-21,,M,20~29,820
2018-04-21,,F,30~39,384
2018-04-21,,M,30~39,431
2018-04-21,,F,40~49,125
2018-04-21,,M,40~49,178
2018-04-21,,F,50~59,58
2018-04-21,,M,50~59,69
2018-04-21,,F,60~69,12
2018-04-21,,M,60~69,20
2018-04-21,,F,70~~,3
2018-04-21,,M,70~~,5
2018-04-21,33144,,,
2018-04-22,,F,~~19,18
2018-04-22,,M,~~19,13
2018-04-22,,F,20~29,189
2018-04-22,,M,20~29,237
2018-04-22,,F,30~39,109
2018-04-22,,M,30~39,118
2018-04-22,,F,40~49,67
2018-04-22,,M,40~49,102
2018-04-22,,F,50~59,23
2018-04-22,,M,50~59,54
2018-04-22,,F,60~69,7
2018-04-22,,M,60~69,11
2018-04-22,,F,70~~,2
2018-04-22,,M,70~~,1
2018-04-22,8095,,,
2018-04-23,,F,~~19,6
2018-04-23,,M,~~19,6
2018-04-23,,F,20~29,72
2018-04-23,,M,20~29,47
2018-04-23,,F,30~39,54
2018-04-23,,M,30~39,40
2018-04-23,,F,40~49,14
2018-04-23,,M,40~49,28
2018-04-23,,F,50~59,14
2018-04-23,,M,50~59,13
2018-04-23,,F,60~69,3
2018-04-23,,M,60~69,6
2018-04-23,,M,70~~,1
2018-04-23,1037,,,
2018-04-24,,F,~~19,18
2018-04-24,,M,~~19,19
2018-04-24,,F,20~29,281
2018-04-24,,M,20~29,193
2018-04-24,,F,30~39,125
2018-04-24,,M,30~39,137
2018-04-24,,F,40~49,47
2018-04-24,,M,40~49,70
2018-04-24,,F,50~59,29
2018-04-24,,M,50~59,26
2018-04-24,,F,60~69,5
2018-04-24,,M,60~69,4
2018-04-24,,F,70~~,4
2018-04-24,,M,70~~,1
2018-04-24,24560,,,
2018-04-25,,F,~~19,42
2018-04-25,,M,~~19,21
2018-04-25,,F,20~29,623
2018-04-25,,M,20~29,386
2018-04-25,,F,30~39,198
2018-04-25,,M,30~39,253
2018-04-25,,F,40~49,72
2018-04-25,,M,40~49,119
2018-04-25,,F,50~59,40
2018-04-25,,M,50~59,45
2018-04-25,,F,60~69,8
2018-04-25,,M,60~69,7
2018-04-25,,M,70~~,5
2018-04-25,33728,,,
2018-04-26,,F,~~19,46
2018-04-26,,M,~~19,30
2018-04-26,,F,20~29,564
2018-04-26,,M,20~29,425
2018-04-26,,F,30~39,225
2018-04-26,,M,30~39,204
2018-04-26,,F,40~49,75
2018-04-26,,M,40~49,155
2018-04-26,,F,50~59,38
2018-04-26,,M,50~59,48
2018-04-26,,F,60~69,8
2018-04-26,,M,60~69,19
2018-04-26,,F,70~~,3
2018-04-26,,M,70~~,8
2018-04-26,32547,,,
2018-04-27,,F,~~19,48
2018-04-27,,M,~~19,40
2018-04-27,,F,20~29,708
2018-04-27,,M,20~29,479
2018-04-27,,F,30~39,227
2018-04-27,,M,30~39,284
2018-04-27,,F,40~49,117
2018-04-27,,M,40~49,146
2018-04-27,,F,50~59,30
2018-04-27,,M,50~59,50
2018-04-27,,F,60~69,6
2018-04-27,,M,60~69,13
2018-04-27,,F,70~~,4
2018-04-27,,M,70~~,4
2018-04-27,32989,,,
2018-04-28,,F,~~19,77
2018-04-28,,M,~~19,58
2018-04-28,,F,20~29,1128
2018-04-28,,M,20~29,864
2018-04-28,,F,30~39,348
2018-04-28,,M,30~39,402
2018-04-28,,F,40~49,143
2018-04-28,,M,40~49,189
2018-04-28,,F,50~59,69
2018-04-28,,M,50~59,65
2018-04-28,,F,60~69,11
2018-04-28,,M,60~69,19
2018-04-28,,F,70~~,4
2018-04-28,,M,70~~,2
2018-04-28,33738,,,
2018-04-29,,F,~~19,79
2018-04-29,,M,~~19,59
2018-04-29,,F,20~29,1254
2018-04-29,,M,20~29,990
2018-04-29,,F,30~39,427
2018-04-29,,M,30~39,482
2018-04-29,,F,40~49,194
2018-04-29,,M,40~49,242
2018-04-29,,F,50~59,70
2018-04-29,,M,50~59,67
2018-04-29,,F,60~69,14
2018-04-29,,M,60~69,24
2018-04-29,,F,70~~,6
2018-04-29,,M,70~~,1
2018-04-29,35159,,,
2018-04-30,,F,~~19,56
2018-04-30,,M,~~19,36
2018-04-30,,F,20~29,694
2018-04-30,,M,20~29,509
2018-04-30,,F,30~39,197
2018-04-30,,M,30~39,268
2018-04-30,,F,40~49,72
2018-04-30,,M,40~49,115
2018-04-30,,F,50~59,41
2018-04-30,,M,50~59,47
2018-04-30,,F,60~69,5
2018-04-30,,M,60~69,10
2018-04-30,,F,70~~,3
2018-04-30,,M,70~~,5
2018-04-30,32629,,,
2018-05-01,,F,~~19,69
2018-05-01,,M,~~19,41
2018-05-01,,F,20~29,936
2018-05-01,,M,20~29,646
2018-05-01,,F,30~39,288
2018-05-01,,M,30~39,358
2018-05-01,,F,40~49,119
2018-05-01,,M,40~49,179
2018-05-01,,F,50~59,41
2018-05-01,,M,50~59,58
2018-05-01,,F,60~69,14
2018-05-01,,M,60~69,13
2018-05-01,,F,70~~,1
2018-05-01,,M,70~~,2
2018-05-01,34593,,,
2018-05-02,,F,~~19,16
2018-05-02,,M,~~19,15
2018-05-02,,F,20~29,159
2018-05-02,,M,20~29,138
2018-05-02,,F,30~39,68
2018-05-02,,M,30~39,81
2018-05-02,,F,40~49,39
2018-05-02,,M,40~49,62
2018-05-02,,F,50~59,17
2018-05-02,,M,50~59,40
2018-05-02,,F,60~69,6
2018-05-02,,M,60~69,9
2018-05-02,,F,70~~,1
2018-05-02,8374,,,
2018-05-03,,F,~~19,27
2018-05-03,,M,~~19,19
2018-05-03,,F,20~29,307
2018-05-03,,M,20~29,230
2018-05-03,,F,30~39,127
2018-05-03,,M,30~39,153
2018-05-03,,F,40~49,70
2018-05-03,,M,40~49,94
2018-05-03,,F,50~59,17
2018-05-03,,M,50~59,33
2018-05-03,,F,60~69,8
2018-05-03,,M,60~69,5
2018-05-03,,F,70~~,2
2018-05-03,,M,70~~,3
2018-05-03,25963,,,
2018-05-04,,F,~~19,47
2018-05-04,,M,~~19,27
2018-05-04,,F,20~29,533
2018-05-04,,M,20~29,418
2018-05-04,,F,30~39,169
2018-05-04,,M,30~39,197
2018-05-04,,F,40~49,84
2018-05-04,,M,40~49,116
2018-05-04,,F,50~59,32
2018-05-04,,M,50~59,38
2018-05-04,,F,60~69,5
2018-05-04,,M,60~69,14
2018-05-04,,F,70~~,3
2018-05-04,,M,70~~,2
2018-05-04,34058,,,
2018-05-05,,F,~~19,119
2018-05-05,,M,~~19,67
2018-05-05,,F,20~29,1156
2018-05-05,,M,20~29,1002
2018-05-05,,F,30~39,361
2018-05-05,,M,30~39,444
2018-05-05,,F,40~49,216
2018-05-05,,M,40~49,226
2018-05-05,,F,50~59,71
2018-05-05,,M,50~59,60
2018-05-05,,F,60~69,13
2018-05-05,,M,60~69,11
2018-05-05,,F,70~~,10
2018-05-05,,M,70~~,8
2018-05-05,37389,,,
2018-05-06,,F,~~19,74
2018-05-06,,M,~~19,49
2018-05-06,,F,20~29,648
2018-05-06,,M,20~29,595
2018-05-06,,F,30~39,240
2018-05-06,,M,30~39,303
2018-05-06,,F,40~49,112
2018-05-06,,M,40~49,120
2018-05-06,,F,50~59,46
2018-05-06,,M,50~59,65
2018-05-06,,F,60~69,15
2018-05-06,,M,60~69,13
2018-05-06,,F,70~~,4
2018-05-06,,M,70~~,4
2018-05-06,19809,,,
2018-05-07,,F,~~19,118
2018-05-07,,M,~~19,83
2018-05-07,,F,20~29,1372
2018-05-07,,M,20~29,1153
2018-05-07,,F,30~39,505
2018-05-07,,M,30~39,561
2018-05-07,,F,40~49,238
2018-05-07,,M,40~49,291
2018-05-07,,F,50~59,95
2018-05-07,,M,50~59,100
2018-05-07,,F,60~69,13
2018-05-07,,M,60~69,25
2018-05-07,,F,70~~,4
2018-05-07,,M,70~~,7
2018-05-07,40026,,,
2018-05-08,,F,~~19,44
2018-05-08,,M,~~19,30
2018-05-08,,F,20~29,565
2018-05-08,,M,20~29,432
2018-05-08,,F,30~39,246
2018-05-08,,M,30~39,249
2018-05-08,,F,40~49,80
2018-05-08,,M,40~49,122
2018-05-08,,F,50~59,45
2018-05-08,,M,50~59,52
2018-05-08,,F,60~69,6
2018-05-08,,M,60~69,13
2018-05-08,,F,70~~,3
2018-05-08,,M,70~~,4
2018-05-08,33738,,,
2018-05-09,,F,~~19,39
2018-05-09,,M,~~19,26
2018-05-09,,F,20~29,711
2018-05-09,,M,20~29,507
2018-05-09,,F,30~39,262
2018-05-09,,M,30~39,321
2018-05-09,,F,40~49,93
2018-05-09,,M,40~49,151
2018-05-09,,F,50~59,37
2018-05-09,,M,50~59,62
2018-05-09,,F,60~69,7
2018-05-09,,M,60~69,18
2018-05-09,,F,70~~,4
2018-05-09,,M,70~~,2
2018-05-09,37851,,,
2018-05-10,,F,~~19,41
2018-05-10,,M,~~19,33
2018-05-10,,F,20~29,597
2018-05-10,,M,20~29,427
2018-05-10,,F,30~39,239
2018-05-10,,M,30~39,253
2018-05-10,,F,40~49,100
2018-05-10,,M,40~49,130
2018-05-10,,F,50~59,27
2018-05-10,,M,50~59,45
2018-05-10,,F,60~69,3
2018-05-10,,M,60~69,13
2018-05-10,,F,70~~,2
2018-05-10,,M,70~~,7
2018-05-10,36549,,,
2018-05-11,,F,~~19,45
2018-05-11,,M,~~19,43
2018-05-11,,F,20~29,575
2018-05-11,,M,20~29,435
2018-05-11,,F,30~39,185
2018-05-11,,M,30~39,219
2018-05-11,,F,40~49,82
2018-05-11,,M,40~49,130
2018-05-11,,F,50~59,32
2018-05-11,,M,50~59,58
2018-05-11,,F,60~69,7
2018-05-11,,M,60~69,16
2018-05-11,,F,70~~,2
2018-05-11,,M,70~~,1
2018-05-11,33923,,,
2018-05-12,,F,~~19,13
2018-05-12,,M,~~19,9
2018-05-12,,F,20~29,129
2018-05-12,,M,20~29,153
2018-05-12,,F,30~39,43
2018-05-12,,M,30~39,58
2018-05-12,,F,40~49,41
2018-05-12,,M,40~49,35
2018-05-12,,F,50~59,23
2018-05-12,,M,50~59,21
2018-05-12,,F,60~69,3
2018-05-12,,M,60~69,7
2018-05-12,,M,70~~,1
2018-05-12,3551,,,
2018-05-13,,F,~~19,75
2018-05-13,,M,~~19,57
2018-05-13,,F,20~29,995
2018-05-13,,M,20~29,781
2018-05-13,,F,30~39,401
2018-05-13,,M,30~39,502
2018-05-13,,F,40~49,194
2018-05-13,,M,40~49,227
2018-05-13,,F,50~59,74
2018-05-13,,M,50~59,64
2018-05-13,,F,60~69,13
2018-05-13,,M,60~69,13
2018-05-13,,F,70~~,5
2018-05-13,,M,70~~,6
2018-05-13,35668,,,
2018-05-14,35918,,,
2018-05-15,,F,~~19,46
2018-05-15,,M,~~19,34
2018-05-15,,F,20~29,532
2018-05-15,,M,20~29,370
2018-05-15,,F,30~39,177
2018-05-15,,M,30~39,201
2018-05-15,,F,40~49,68
2018-05-15,,M,40~49,119
2018-05-15,,F,50~59,46
2018-05-15,,M,50~59,48
2018-05-15,,F,60~69,6
2018-05-15,,M,60~69,8
2018-05-15,,F,70~~,2
2018-05-15,,M,70~~,2
2018-05-15,36476,,,
2018-05-16,,F,~~19,8
2018-05-16,,M,~~19,7
2018-05-16,,F,20~29,126
2018-05-16,,M,20~29,106
2018-05-16,,F,30~39,76
2018-05-16,,M,30~39,100
2018-05-16,,F,40~49,37
2018-05-16,,M,40~49,85
2018-05-16,,F,50~59,12
2018-05-16,,M,50~59,56
2018-05-16,,F,60~69,2
2018-05-16,,M,60~69,14
2018-05-16,,F,70~~,2
2018-05-16,,M,70~~,3
2018-05-16,7072,,,
2018-05-17,,F,~~19,3
2018-05-17,,M,~~19,6
2018-05-17,,F,20~29,49
2018-05-17,,M,20~29,42
2018-05-17,,F,30~39,43
2018-05-17,,M,30~39,53
2018-05-17,,F,40~49,25
2018-05-17,,M,40~49,49
2018-05-17,,F,50~59,10
2018-05-17,,M,50~59,20
2018-05-17,,F,60~69,2
2018-05-17,,M,60~69,7
2018-05-17,,M,70~~,3
2018-05-17,3802,,,
2018-05-18,,F,~~19,13
2018-05-18,,M,~~19,16
2018-05-18,,F,20~29,242
2018-05-18,,M,20~29,223
2018-05-18,,F,30~39,94
2018-05-18,,M,30~39,111
2018-05-18,,F,40~49,41
2018-05-18,,M,40~49,55
2018-05-18,,F,50~59,24
2018-05-18,,M,50~59,31
2018-05-18,,F,60~69,5
2018-05-18,,M,60~69,10
2018-05-18,,M,70~~,1
2018-05-18,19629,,,
2018-05-19,,F,~~19,109
2018-05-19,,M,~~19,58
2018-05-19,,F,20~29,1347
2018-05-19,,M,20~29,1127
2018-05-19,,F,30~39,478
2018-05-19,,M,30~39,557
2018-05-19,,F,40~49,205
2018-05-19,,M,40~49,258
2018-05-19,,F,50~59,86
2018-05-19,,M,50~59,75
2018-05-19,,F,60~69,12
2018-05-19,,M,60~69,18
2018-05-19,,F,70~~,6
2018-05-19,,M,70~~,6
2018-05-19,43471,,,
2018-05-20,,F,~~19,105
2018-05-20,,M,~~19,82
2018-05-20,,F,20~29,1113
2018-05-20,,M,20~29,969
2018-05-20,,F,30~39,437
2018-05-20,,M,30~39,520
2018-05-20,,F,40~49,193
2018-05-20,,M,40~49,264
2018-05-20,,F,50~59,89
2018-05-20,,M,50~59,80
2018-05-20,,F,60~69,16
2018-05-20,,M,60~69,25
2018-05-20,,F,70~~,3
2018-05-20,,M,70~~,6
2018-05-20,39036,,,
2018-05-21,,F,~~19,70
2018-05-21,,M,~~19,55
2018-05-21,,F,20~29,933
2018-05-21,,M,20~29,678
2018-05-21,,F,30~39,370
2018-05-21,,M,30~39,409
2018-05-21,,F,40~49,145
2018-05-21,,M,40~49,181
2018-05-21,,F,50~59,52
2018-05-21,,M,50~59,58
2018-05-21,,F,60~69,11
2018-05-21,,M,60~69,11
2018-05-21,,F,70~~,5
2018-05-21,,M,70~~,6
2018-05-21,42039,,,
2018-05-22,,F,~~19,44
2018-05-22,,M,~~19,36
2018-05-22,,F,20~29,456
2018-05-22,,M,20~29,357
2018-05-22,,F,30~39,280
2018-05-22,,M,30~39,267
2018-05-22,,F,40~49,163
2018-05-22,,M,40~49,213
2018-05-22,,F,50~59,59
2018-05-22,,M,50~59,61
2018-05-22,,F,60~69,7
2018-05-22,,M,60~69,17
2018-05-22,,F,70~~,3
2018-05-22,,M,70~~,3
2018-05-22,17444,,,
2018-05-23,,F,~~19,49
2018-05-23,,M,~~19,24
2018-05-23,,F,20~29,568
2018-05-23,,M,20~29,381
2018-05-23,,F,30~39,161
2018-05-23,,M,30~39,212
2018-05-23,,F,40~49,82
2018-05-23,,M,40~49,99
2018-05-23,,F,50~59,43
2018-05-23,,M,50~59,46
2018-05-23,,F,60~69,9
2018-05-23,,M,60~69,12
2018-05-23,,F,70~~,4
2018-05-23,,M,70~~,3
2018-05-23,35975,,,
2018-05-24,,F,~~19,50
2018-05-24,,M,~~19,29
2018-05-24,,F,20~29,520
2018-05-24,,M,20~29,406
2018-05-24,,F,30~39,181
2018-05-24,,M,30~39,231
2018-05-24,,F,40~49,80
2018-05-24,,M,40~49,128
2018-05-24,,F,50~59,29
2018-05-24,,M,50~59,56
2018-05-24,,F,60~69,10
2018-05-24,,M,60~69,9
2018-05-24,,F,70~~,3
2018-05-24,36858,,,
2018-05-25,,F,~~19,50
2018-05-25,,M,~~19,34
2018-05-25,,F,20~29,566
2018-05-25,,M,20~29,473
2018-05-25,,F,30~39,187
2018-05-25,,M,30~39,219
2018-05-25,,F,40~49,82
2018-05-25,,M,40~49,125
2018-05-25,,F,50~59,41
2018-05-25,,M,50~59,44
2018-05-25,,F,60~69,6
2018-05-25,,M,60~69,7
2018-05-25,,F,70~~,3
2018-05-25,,M,70~~,2
2018-05-25,37569,,,
2018-05-26,,F,~~19,86
2018-05-26,,M,~~19,53
2018-05-26,,F,20~29,974
2018-05-26,,M,20~29,835
2018-05-26,,F,30~39,317
2018-05-26,,M,30~39,425
2018-05-26,,F,40~49,129
2018-05-26,,M,40~49,171
2018-05-26,,F,50~59,65
2018-05-26,,M,50~59,74
2018-05-26,,F,60~69,6
2018-05-26,,M,60~69,5
2018-05-26,,F,70~~,3
2018-05-26,,M,70~~,2
2018-05-26,37761,,,
2018-05-27,,F,~~19,96
2018-05-27,,M,~~19,56
2018-05-27,,F,20~29,989
2018-05-27,,M,20~29,872
2018-05-27,,F,30~39,398
2018-05-27,,M,30~39,500
2018-05-27,,F,40~49,184
2018-05-27,,M,40~49,217
2018-05-27,,F,50~59,88
2018-05-27,,M,50~59,80
2018-05-27,,F,60~69,10
2018-05-27,,M,60~69,22
2018-05-27,,F,70~~,8
2018-05-27,,M,70~~,1
2018-05-27,39534,,,
2018-05-28,,F,~~19,44
2018-05-28,,M,~~19,31
2018-05-28,,F,20~29,685
2018-05-28,,M,20~29,449
2018-05-28,,F,30~39,219
2018-05-28,,M,30~39,272
2018-05-28,,F,40~49,88
2018-05-28,,M,40~49,141
2018-05-28,,F,50~59,51
2018-05-28,,M,50~59,57
2018-05-28,,F,60~69,10
2018-05-28,,M,60~69,15
2018-05-28,,,70~~,1
2018-05-28,,F,70~~,2
2018-05-28,,M,70~~,2
2018-05-28,40775,,,
2018-05-29,,F,~~19,35
2018-05-29,,M,~~19,21
2018-05-29,,F,20~29,402
2018-05-29,,M,20~29,281
2018-05-29,,F,30~39,157
2018-05-29,,M,30~39,189
2018-05-29,,F,40~49,76
2018-05-29,,M,40~49,123
2018-05-29,,F,50~59,42
2018-05-29,,M,50~59,56
2018-05-29,,F,60~69,6
2018-05-29,,M,60~69,12
2018-05-29,,,70~~,2
2018-05-29,,F,70~~,2
2018-05-29,,M,70~~,4
2018-05-29,29925,,,
2018-05-30,,F,~~19,41
2018-05-30,,M,~~19,24
2018-05-30,,F,20~29,561
2018-05-30,,M,20~29,437
2018-05-30,,F,30~39,180
2018-05-30,,M,30~39,247
2018-05-30,,F,40~49,81
2018-05-30,,M,40~49,140
2018-05-30,,F,50~59,41
2018-05-30,,M,50~59,72
2018-05-30,,F,60~69,7
2018-05-30,,M,60~69,15
2018-05-30,,F,70~~,3
2018-05-30,,M,70~~,4
2018-05-30,39214,,,
2018-05-31,,F,~~19,58
2018-05-31,,M,~~19,21
2018-05-31,,F,20~29,672
2018-05-31,,M,20~29,480
2018-05-31,,F,30~39,187
2018-05-31,,M,30~39,220
2018-05-31,,F,40~49,82
2018-05-31,,M,40~49,115
2018-05-31,,F,50~59,34
2018-05-31,,M,50~59,45
2018-05-31,,F,60~69,7
2018-05-31,,M,60~69,10
2018-05-31,,F,70~~,18
2018-05-31,,M,70~~,23
2018-05-31,41619,,,
2018-06-01,,F,~~19,66
2018-06-01,,M,~~19,45
2018-06-01,,F,20~29,679
2018-06-01,,M,20~29,528
2018-06-01,,F,30~39,207
2018-06-01,,M,30~39,273
2018-06-01,,F,40~49,82
2018-06-01,,M,40~49,122
2018-06-01,,F,50~59,35
2018-06-01,,M,50~59,50
2018-06-01,,F,60~69,5
2018-06-01,,M,60~69,14
2018-06-01,,F,70~~,2
2018-06-01,,M,70~~,1
2018-06-01,41970,,,
2018-06-02,,F,~~19,94
2018-06-02,,M,~~19,80
2018-06-02,,F,20~29,1109
2018-06-02,,M,20~29,907
2018-06-02,,F,30~39,383
2018-06-02,,M,30~39,448
2018-06-02,,F,40~49,147
2018-06-02,,M,40~49,182
2018-06-02,,F,50~59,68
2018-06-02,,M,50~59,57
2018-06-02,,F,60~69,18
2018-06-02,,M,60~69,12
2018-06-02,,F,70~~,4
2018-06-02,,M,70~~,4
2018-06-02,41677,,,
2018-06-03,,F,~~19,113
2018-06-03,,M,~~19,67
2018-06-03,,F,20~29,1026
2018-06-03,,M,20~29,909
2018-06-03,,F,30~39,348
2018-06-03,,M,30~39,453
2018-06-03,,F,40~49,146
2018-06-03,,M,40~49,232
2018-06-03,,F,50~59,62
2018-06-03,,M,50~59,77
2018-06-03,,F,60~69,11
2018-06-03,,M,60~69,13
2018-06-03,,F,70~~,3
2018-06-03,,M,70~~,2
2018-06-03,40565,,,
2018-06-04,,F,~~19,52
2018-06-04,,M,~~19,41
2018-06-04,,F,20~29,693
2018-06-04,,M,20~29,523
2018-06-04,,F,30~39,248
2018-06-04,,M,30~39,277
2018-06-04,,F,40~49,85
2018-06-04,,M,40~49,142
2018-06-04,,F,50~59,31
2018-06-04,,M,50~59,52
2018-06-04,,F,60~69,15
2018-06-04,,M,60~69,16
2018-06-04,,F,70~~,2
2018-06-04,,M,70~~,3
2018-06-04,44014,,,
2018-06-05,,F,~~19,59
2018-06-05,,M,~~19,36
2018-06-05,,F,20~29,719
2018-06-05,,M,20~29,501
2018-06-05,,F,30~39,229
2018-06-05,,M,30~39,269
2018-06-05,,F,40~49,87
2018-06-05,,M,40~49,159
2018-06-05,,F,50~59,46
2018-06-05,,M,50~59,57
2018-06-05,,F,60~69,6
2018-06-05,,M,60~69,9
2018-06-05,,F,70~~,3
2018-06-05,,M,70~~,4
2018-06-05,44118,,,
2018-06-06,,F,~~19,79
2018-06-06,,M,~~19,86
2018-06-06,,F,20~29,1266
2018-06-06,,M,20~29,968
2018-06-06,,F,30~39,446
2018-06-06,,M,30~39,548
2018-06-06,,F,40~49,178
2018-06-06,,M,40~49,246
2018-06-06,,F,50~59,81
2018-06-06,,M,50~59,90
2018-06-06,,F,60~69,13
2018-06-06,,M,60~69,20
2018-06-06,,F,70~~,17
2018-06-06,,M,70~~,14
2018-06-06,40440,,,
2018-06-07,,F,~~19,42
2018-06-07,,M,~~19,32
2018-06-07,,F,20~29,591
2018-06-07,,M,20~29,457
2018-06-07,,F,30~39,190
2018-06-07,,M,30~39,271
2018-06-07,,F,40~49,89
2018-06-07,,M,40~49,126
2018-06-07,,F,50~59,48
2018-06-07,,M,50~59,60
2018-06-07,,F,60~69,10
2018-06-07,,M,60~69,15
2018-06-07,,F,70~~,6
2018-06-07,,M,70~~,5
2018-06-07,42038,,,
2018-06-08,,F,~~19,51
2018-06-08,,M,~~19,42
2018-06-08,,F,20~29,634
2018-06-08,,M,20~29,520
2018-06-08,,F,30~39,214
2018-06-08,,M,30~39,290
2018-06-08,,F,40~49,83
2018-06-08,,M,40~49,135
2018-06-08,,F,50~59,51
2018-06-08,,M,50~59,55
2018-06-08,,F,60~69,15
2018-06-08,,M,60~69,18
2018-06-08,,F,70~~,2
2018-06-08,,M,70~~,1
2018-06-08,46516,,,
2018-06-09,,F,~~19,64
2018-06-09,,M,~~19,36
2018-06-09,,F,20~29,629
2018-06-09,,M,20~29,568
2018-06-09,,F,30~39,248
2018-06-09,,M,30~39,342
2018-06-09,,F,40~49,119
2018-06-09,,M,40~49,184
2018-06-09,,F,50~59,50
2018-06-09,,M,50~59,63
2018-06-09,,F,60~69,3
2018-06-09,,M,60~69,9
2018-06-09,,,70~~,1
2018-06-09,,F,70~~,3
2018-06-09,,M,70~~,6
2018-06-09,32839,,,
2018-06-10,,F,~~19,70
2018-06-10,,M,~~19,54
2018-06-10,,F,20~29,811
2018-06-10,,M,20~29,692
2018-06-10,,F,30~39,395
2018-06-10,,M,30~39,439
2018-06-10,,F,40~49,175
2018-06-10,,M,40~49,241
2018-06-10,,F,50~59,71
2018-06-10,,M,50~59,92
2018-06-10,,F,60~69,10
2018-06-10,,M,60~69,13
2018-06-10,,F,70~~,8
2018-06-10,,M,70~~,3
2018-06-10,39277,,,
2018-06-11,,F,~~19,24
2018-06-11,,M,~~19,29
2018-06-11,,F,20~29,290
2018-06-11,,M,20~29,286
2018-06-11,,F,30~39,143
2018-06-11,,M,30~39,182
2018-06-11,,F,40~49,67
2018-06-11,,M,40~49,120
2018-06-11,,F,50~59,30
2018-06-11,,M,50~59,39
2018-06-11,,F,60~69,6
2018-06-11,,M,60~69,4
2018-06-11,,F,70~~,5
2018-06-11,,M,70~~,4
2018-06-11,30605,,,
2018-06-12,,F,~~19,28
2018-06-12,,M,~~19,30
2018-06-12,,F,20~29,488
2018-06-12,,M,20~29,386
2018-06-12,,F,30~39,177
2018-06-12,,M,30~39,247
2018-06-12,,F,40~49,72
2018-06-12,,M,40~49,85
2018-06-12,,F,50~59,34
2018-06-12,,M,50~59,46
2018-06-12,,F,60~69,8
2018-06-12,,M,60~69,5
2018-06-12,,,70~~,1
2018-06-12,,F,70~~,1
2018-06-12,,M,70~~,3
2018-06-12,46201,,,
2018-06-13,,F,~~19,48
2018-06-13,,M,~~19,40
2018-06-13,,F,20~29,675
2018-06-13,,M,20~29,573
2018-06-13,,F,30~39,328
2018-06-13,,M,30~39,458
2018-06-13,,F,40~49,161
2018-06-13,,M,40~49,261
2018-06-13,,F,50~59,74
2018-06-13,,M,50~59,72
2018-06-13,,F,60~69,10
2018-06-13,,M,60~69,17
2018-06-13,,F,70~~,8
2018-06-13,,M,70~~,7
2018-06-13,49116,,,
2018-06-14,,F,~~19,19
2018-06-14,,M,~~19,22
2018-06-14,,F,20~29,307
2018-06-14,,M,20~29,288
2018-06-14,,F,30~39,123
2018-06-14,,M,30~39,172
2018-06-14,,F,40~49,59
2018-06-14,,M,40~49,71
2018-06-14,,F,50~59,39
2018-06-14,,M,50~59,30
2018-06-14,,F,60~69,2
2018-06-14,,M,60~69,13
2018-06-14,,F,70~~,2
2018-06-14,30511,,,
2018-06-15,,F,~~19,49
2018-06-15,,M,~~19,24
2018-06-15,,F,20~29,532
2018-06-15,,M,20~29,444
2018-06-15,,F,30~39,191
2018-06-15,,M,30~39,288
2018-06-15,,F,40~49,89
2018-06-15,,M,40~49,154
2018-06-15,,F,50~59,45
2018-06-15,,M,50~59,81
2018-06-15,,F,60~69,7
2018-06-15,,M,60~69,16
2018-06-15,,,70~~,114
2018-06-15,,F,70~~,4
2018-06-15,,M,70~~,3
2018-06-15,45103,,,
2018-06-16,,F,~~19,82
2018-06-16,,M,~~19,51
2018-06-16,,F,20~29,1048
2018-06-16,,M,20~29,849
2018-06-16,,F,30~39,413
2018-06-16,,M,30~39,525
2018-06-16,,F,40~49,207
2018-06-16,,M,40~49,244
2018-06-16,,F,50~59,76
2018-06-16,,M,50~59,81
2018-06-16,,F,60~69,18
2018-06-16,,M,60~69,37
2018-06-16,,F,70~~,8
2018-06-16,,M,70~~,7
2018-06-16,46457,,,
2018-06-17,,F,~~19,73
2018-06-17,,M,~~19,57
2018-06-17,,F,20~29,980
2018-06-17,,M,20~29,846
2018-06-17,,F,30~39,384
2018-06-17,,M,30~39,517
2018-06-17,,F,40~49,184
2018-06-17,,M,40~49,264
2018-06-17,,F,50~59,72
2018-06-17,,M,50~59,76
2018-06-17,,F,60~69,16
2018-06-17,,M,60~69,22
2018-06-17,,F,70~~,6
2018-06-17,,M,70~~,8
2018-06-17,43484,,,
2018-06-18,,F,~~19,16
2018-06-18,,M,~~19,17
2018-06-18,,F,20~29,223
2018-06-18,,M,20~29,197
2018-06-18,,F,30~39,78
2018-06-18,,M,30~39,95
2018-06-18,,F,40~49,34
2018-06-18,,M,40~49,51
2018-06-18,,F,50~59,15
2018-06-18,,M,50~59,20
2018-06-18,,F,60~69,2
2018-06-18,,M,60~69,5
2018-06-18,,,70~~,797
2018-06-18,,F,70~~,1
2018-06-18,,M,70~~,2
2018-06-18,36316,,,
2018-06-19,,F,~~19,43
2018-06-19,,M,~~19,47
2018-06-19,,F,20~29,487
2018-06-19,,M,20~29,405
2018-06-19,,F,30~39,176
2018-06-19,,M,30~39,264
2018-06-19,,F,40~49,67
2018-06-19,,M,40~49,122
2018-06-19,,F,50~59,47
2018-06-19,,M,50~59,49
2018-06-19,,F,60~69,7
2018-06-19,,M,60~69,14
2018-06-19,,,70~~,253
2018-06-19,,F,70~~,3
2018-06-19,,M,70~~,2
2018-06-19,47296,,,
2018-06-20,,F,~~19,16
2018-06-20,,M,~~19,16
2018-06-20,,F,20~29,247
2018-06-20,,M,20~29,227
2018-06-20,,F,30~39,104
2018-06-20,,M,30~39,121
2018-06-20,,F,40~49,51
2018-06-20,,M,40~49,85
2018-06-20,,F,50~59,23
2018-06-20,,M,50~59,33
2018-06-20,,F,60~69,5
2018-06-20,,M,60~69,6
2018-06-20,,,70~~,1131
2018-06-20,,F,70~~,2
2018-06-20,46612,,,
2018-06-21,,,70~~,2828
2018-06-21,47762,,,
2018-06-22,,,70~~,3335
2018-06-22,47478,,,
2018-06-23,,,70~~,4526
2018-06-23,45663,,,
2018-06-24,,,70~~,4408
2018-06-24,39548,,,
2018-06-25,,,70~~,2684
2018-06-25,46565,,,
2018-06-26,,,70~~,635
2018-06-26,6391,,,
2018-06-27,,,70~~,2000
2018-06-27,41128,,,
2018-06-28,,,70~~,1238
2018-06-28,27757,,,
2018-06-29,,,70~~,2556
2018-06-29,42765,,,
2018-06-30,,,70~~,2094
2018-06-30,26911,,,
2018-07-01,,,70~~,689
2018-07-01,4358,,,
2018-07-02,,,70~~,528
2018-07-02,,F,70~~,2
2018-07-02,6261,,,
2018-07-03,,,70~~,2254
2018-07-03,41350,,,
2018-07-04,,,70~~,2596
2018-07-04,45741,,,
2018-07-05,,,70~~,2250
2018-07-05,39804,,,
2018-07-06,,,70~~,3099
2018-07-06,49521,,,
2018-07-07,,,70~~,5428
2018-07-07,48015,,,
2018-07-08,,,70~~,5706
2018-07-08,48132,,,
2018-07-09,,,70~~,895
2018-07-09,8155,,,
2018-07-10,,,70~~,1347
2018-07-10,27956,,,
2018-07-11,,,70~~,1856
2018-07-11,35390,,,
2018-07-12,,,70~~,2372
2018-07-12,43611,,,
2018-07-13,,,70~~,2539
2018-07-13,44976,,,
2018-07-14,,,70~~,3446
2018-07-14,39205,,,
2018-07-15,,,70~~,2937
2018-07-15,34957,,,
2018-07-16,,,70~~,2161
2018-07-16,40964,,,
2018-07-17,,,70~~,2133
2018-07-17,43323,,,
2018-07-18,,,70~~,2123
2018-07-18,42609,,,
2018-07-19,,,70~~,2194
2018-07-19,42316,,,
2018-07-20,,,~~19,221
2018-07-20,,,20~29,1189
2018-07-20,,,30~39,348
2018-07-20,,,40~49,201
2018-07-20,,,50~59,91
2018-07-20,,,60~69,16
2018-07-20,,,70~~,3
2018-07-20,40337,,,
2018-07-21,,,~~19,270
2018-07-21,,,20~29,1329
2018-07-21,,,30~39,385
2018-07-21,,,40~49,184
2018-07-21,,,50~59,83
2018-07-21,,,60~69,17
2018-07-21,,,70~~,2
2018-07-21,32360,,,
2018-07-22,,,~~19,247
2018-07-22,,,20~29,1169
2018-07-22,,,30~39,316
2018-07-22,,,40~49,149
2018-07-22,,,50~59,57
2018-07-22,,,60~69,10
2018-07-22,,,70~~,1
2018-07-22,28250,,,
2018-07-23,,,~~19,221
2018-07-23,,,20~29,967
2018-07-23,,,30~39,268
2018-07-23,,,40~49,128
2018-07-23,,,50~59,41
2018-07-23,,,60~69,17
2018-07-23,,,70~~,1
2018-07-23,38003,,,
2018-07-24,,,~~19,195
2018-07-24,,,20~29,893
2018-07-24,,,30~39,235
2018-07-24,,,40~49,132
2018-07-24,,,50~59,53
2018-07-24,,,60~69,10
2018-07-24,,,70~~,6
2018-07-24,37486,,,
2018-07-25,,,~~19,201
2018-07-25,,,20~29,896
2018-07-25,,,30~39,266
2018-07-25,,,40~49,160
2018-07-25,,,50~59,74
2018-07-25,,,60~69,5
2018-07-25,,,70~~,4
2018-07-25,39225,,,
2018-07-26,,,~~19,197
2018-07-26,,,20~29,882
2018-07-26,,,30~39,270
2018-07-26,,,40~49,153
2018-07-26,,,50~59,75
2018-07-26,,,60~69,14
2018-07-26,,,70~~,1
2018-07-26,37796,,,
2018-07-27,,,~~19,169
2018-07-27,,,20~29,751
2018-07-27,,,30~39,230
2018-07-27,,,40~49,130
2018-07-27,,,50~59,58
2018-07-27,,,60~69,9
2018-07-27,,,70~~,5
2018-07-27,34985,,,
2018-07-28,,,~~19,169
2018-07-28,,,20~29,834
2018-07-28,,,30~39,205
2018-07-28,,,40~49,110
2018-07-28,,,50~59,86
2018-07-28,,,60~69,10
2018-07-28,,,70~~,3
2018-07-28,24649,,,
2018-07-29,,,~~19,225
2018-07-29,,,20~29,1177
2018-07-29,,,30~39,298
2018-07-29,,,40~49,144
2018-07-29,,,50~59,54
2018-07-29,,,60~69,16
2018-07-29,,,70~~,4
2018-07-29,28317,,,
2018-07-30,,,~~19,203
2018-07-30,,,20~29,986
2018-07-30,,,30~39,286
2018-07-30,,,40~49,145
2018-07-30,,,50~59,59
2018-07-30,,,60~69,14
2018-07-30,,,70~~,3
2018-07-30,36701,,,
2018-07-31,,,~~19,173
2018-07-31,,,20~29,870
2018-07-31,,,30~39,237
2018-07-31,,,40~49,117
2018-07-31,,,50~59,60
2018-07-31,,,60~69,5
2018-07-31,,,70~~,1
2018-07-31,35262,,,
2018-08-01,,,~~19,134
2018-08-01,,,20~29,676
2018-08-01,,,30~39,185
2018-08-01,,,40~49,103
2018-08-01,,,50~59,46
2018-08-01,,,60~69,6
2018-08-01,,,70~~,3
2018-08-01,31169,,,
2018-08-02,,,~~19,148
2018-08-02,,,20~29,670
2018-08-02,,,30~39,195
2018-08-02,,,40~49,99
2018-08-02,,,50~59,49
2018-08-02,,,60~69,6
2018-08-02,,,70~~,6
2018-08-02,31321,,,
2018-08-03,,,~~19,157
2018-08-03,,,20~29,691
2018-08-03,,,30~39,177
2018-08-03,,,40~49,110
2018-08-03,,,50~59,48
2018-08-03,,,60~69,8
2018-08-03,,,70~~,1
2018-08-03,31646,,,
2018-08-04,,,~~19,222
2018-08-04,,,20~29,957
2018-08-04,,,30~39,253
2018-08-04,,,40~49,107
2018-08-04,,,50~59,59
2018-08-04,,,60~69,13
2018-08-04,,,70~~,2
2018-08-04,28174,,,
2018-08-05,,,~~19,190
2018-08-05,,,20~29,993
2018-08-05,,,30~39,273
2018-08-05,,,40~49,121
2018-08-05,,,50~59,49
2018-08-05,,,60~69,9
2018-08-05,,,70~~,1
2018-08-05,26989,,,
2018-08-06,,,~~19,150
2018-08-06,,,20~29,686
2018-08-06,,,30~39,187
2018-08-06,,,40~49,96
2018-08-06,,,50~59,29
2018-08-06,,,60~69,12
2018-08-06,,,70~~,1
2018-08-06,29113,,,
2018-08-07,,,~~19,174
2018-08-07,,,20~29,755
2018-08-07,,,30~39,226
2018-08-07,,,40~49,121
2018-08-07,,,50~59,60
2018-08-07,,,60~69,12
2018-08-07,,,70~~,4
2018-08-07,36983,,,
2018-08-08,,,~~19,177
2018-08-08,,,20~29,798
2018-08-08,,,30~39,237
2018-08-08,,,40~49,116
2018-08-08,,,50~59,51
2018-08-08,,,60~69,14
2018-08-08,,,70~~,1
2018-08-08,37140,,,
2018-08-09,,,~~19,135
2018-08-09,,,20~29,559
2018-08-09,,,30~39,175
2018-08-09,,,40~49,98
2018-08-09,,,50~59,44
2018-08-09,,,60~69,10
2018-08-09,,,70~~,3
2018-08-09,32216,,,
2018-08-10,,,~~19,170
2018-08-10,,,20~29,775
2018-08-10,,,30~39,194
2018-08-10,,,40~49,99
2018-08-10,,,50~59,52
2018-08-10,,,60~69,6
2018-08-10,,,70~~,2
2018-08-10,36178,,,
2018-08-11,,,~~19,242
2018-08-11,,,20~29,1174
2018-08-11,,,30~39,341
2018-08-11,,,40~49,138
2018-08-11,,,50~59,82
2018-08-11,,,60~69,12
2018-08-11,,,70~~,2
2018-08-11,31293,,,
2018-08-12,,,~~19,211
2018-08-12,,,20~29,1113
2018-08-12,,,30~39,311
2018-08-12,,,40~49,169
2018-08-12,,,50~59,74
2018-08-12,,,60~69,11
2018-08-12,,,70~~,3
2018-08-12,27363,,,
2018-08-13,,,~~19,201
2018-08-13,,,20~29,889
2018-08-13,,,30~39,241
2018-08-13,,,40~49,118
2018-08-13,,,50~59,49
2018-08-13,,,60~69,9
2018-08-13,,,70~~,3
2018-08-13,36076,,,
2018-08-14,,,~~19,186
2018-08-14,,,20~29,927
2018-08-14,,,30~39,239
2018-08-14,,,40~49,144
2018-08-14,,,50~59,66
2018-08-14,,,60~69,12
2018-08-14,,,70~~,7
2018-08-14,37659,,,
2018-08-15,,,~~19,209
2018-08-15,,,20~29,1098
2018-08-15,,,30~39,263
2018-08-15,,,40~49,146
2018-08-15,,,50~59,61
2018-08-15,,,60~69,12
2018-08-15,,,70~~,3
2018-08-15,29270,,,
2018-08-16,,,~~19,207
2018-08-16,,,20~29,1218
2018-08-16,,,30~39,286
2018-08-16,,,40~49,121
2018-08-16,,,50~59,63
2018-08-16,,,60~69,8
2018-08-16,,,70~~,2
2018-08-16,41358,,,
2018-08-17,,,~~19,268
2018-08-17,,,20~29,1854
2018-08-17,,,30~39,390
2018-08-17,,,40~49,203
2018-08-17,,,50~59,67
2018-08-17,,,60~69,15
2018-08-17,,,70~~,2
2018-08-17,47634,,,
2018-08-18,,,~~19,482
2018-08-18,,,20~29,2874
2018-08-18,,,30~39,760
2018-08-18,,,40~49,390
2018-08-18,,,50~59,136
2018-08-18,,,60~69,29
2018-08-18,,,70~~,5
2018-08-18,45629,,,
2018-08-19,,,~~19,432
2018-08-19,,,20~29,2544
2018-08-19,,,30~39,723
2018-08-19,,,40~49,335
2018-08-19,,,50~59,147
2018-08-19,,,60~69,28
2018-08-19,,,70~~,2
2018-08-19,42281,,,
2018-08-20,,,~~19,219
2018-08-20,,,20~29,1499
2018-08-20,,,30~39,327
2018-08-20,,,40~49,190
2018-08-20,,,50~59,83
2018-08-20,,,60~69,17
2018-08-20,,,70~~,6
2018-08-20,44243,,,
2018-08-21,,,~~19,195
2018-08-21,,,20~29,1468
2018-08-21,,,30~39,367
2018-08-21,,,40~49,221
2018-08-21,,,50~59,78
2018-08-21,,,60~69,18
2018-08-21,,,70~~,1
2018-08-21,41964,,,
2018-08-22,,,~~19,188
2018-08-22,,,20~29,1071
2018-08-22,,,30~39,289
2018-08-22,,,40~49,202
2018-08-22,,,50~59,54
2018-08-22,,,60~69,13
2018-08-22,42425,,,
2018-08-23,,,~~19,69
2018-08-23,,,20~29,437
2018-08-23,,,30~39,153
2018-08-23,,,40~49,90
2018-08-23,,,50~59,45
2018-08-23,,,60~69,6
2018-08-23,,,70~~,5
2018-08-23,23616,,,
2018-08-24,,,~~19,74
2018-08-24,,,20~29,509
2018-08-24,,,30~39,163
2018-08-24,,,40~49,131
2018-08-24,,,50~59,53
2018-08-24,,,60~69,13
2018-08-24,,,70~~,5
2018-08-24,17319,,,
2018-08-25,,,~~19,370
2018-08-25,,,20~29,2644
2018-08-25,,,30~39,755
2018-08-25,,,40~49,365
2018-08-25,,,50~59,119
2018-08-25,,,60~69,13
2018-08-25,,,70~~,8
2018-08-25,47109,,,
2018-08-26,,,~~19,283
2018-08-26,,,20~29,1701
2018-08-26,,,30~39,517
2018-08-26,,,40~49,335
2018-08-26,,,50~59,91
2018-08-26,,,60~69,9
2018-08-26,,,70~~,5
2018-08-26,32200,,,
2018-08-27,,,~~19,126
2018-08-27,,,20~29,780
2018-08-27,,,30~39,207
2018-08-27,,,40~49,138
2018-08-27,,,50~59,37
2018-08-27,,,60~69,5
2018-08-27,,,70~~,2
2018-08-27,23382,,,
2018-08-28,,,~~19,46
2018-08-28,,,20~29,331
2018-08-28,,,30~39,100
2018-08-28,,,40~49,90
2018-08-28,,,50~59,37
2018-08-28,,,60~69,6
2018-08-28,,,70~~,1
2018-08-28,13495,,,
2018-08-29,,,~~19,45
2018-08-29,,,20~29,259
2018-08-29,,,30~39,115
2018-08-29,,,40~49,93
2018-08-29,,,50~59,39
2018-08-29,,,60~69,5
2018-08-29,,,70~~,1
2018-08-29,13001,,,
2018-08-30,,,~~19,109
2018-08-30,,,20~29,905
2018-08-30,,,30~39,214
2018-08-30,,,40~49,103
2018-08-30,,,50~59,48
2018-08-30,,,60~69,11
2018-08-30,,,70~~,3
2018-08-30,33158,,,
2018-08-31,,,~~19,266
2018-08-31,,,20~29,1686
2018-08-31,,,30~39,343
2018-08-31,,,40~49,179
2018-08-31,,,50~59,67
2018-08-31,,,60~69,19
2018-08-31,,,70~~,3
2018-08-31,46101,,,
2018-09-01,,,~~19,350
2018-09-01,,,20~29,2360
2018-09-01,,,30~39,648
2018-09-01,,,40~49,295
2018-09-01,,,50~59,80
2018-09-01,,,60~69,24
2018-09-01,,,70~~,3
2018-09-01,43847,,,
2018-09-02,,,~~19,432
2018-09-02,,,20~29,3010
2018-09-02,,,30~39,854
2018-09-02,,,40~49,447
2018-09-02,,,50~59,111
2018-09-02,,,60~69,14
2018-09-02,,,70~~,7
2018-09-02,48427,,,
2018-09-03,,,~~19,74
2018-09-03,,,20~29,484
2018-09-03,,,30~39,177
2018-09-03,,,40~49,113
2018-09-03,,,50~59,54
2018-09-03,,,60~69,9
2018-09-03,,,70~~,2
2018-09-03,16086,,,
2018-09-04,,,~~19,224
2018-09-04,,,20~29,1809
2018-09-04,,,30~39,467
2018-09-04,,,40~49,195
2018-09-04,,,50~59,105
2018-09-04,,,60~69,13
2018-09-04,,,70~~,5
2018-09-04,50500,,,
2018-09-05,,,~~19,299
2018-09-05,,,20~29,1972
2018-09-05,,,30~39,479
2018-09-05,,,40~49,260
2018-09-05,,,50~59,99
2018-09-05,,,60~69,26
2018-09-05,,,70~~,6
2018-09-05,53984,,,
2018-09-06,,,~~19,186
2018-09-06,,,20~29,1317
2018-09-06,,,30~39,440
2018-09-06,,,40~49,210
2018-09-06,,,50~59,89
2018-09-06,,,60~69,18
2018-09-06,,,70~~,4
2018-09-06,46532,,,
2018-09-07,,,~~19,329
2018-09-07,,,20~29,2073
2018-09-07,,,30~39,522
2018-09-07,,,40~49,262
2018-09-07,,,50~59,88
2018-09-07,,,60~69,16
2018-09-07,,,70~~,2
2018-09-07,53230,,,
2018-09-08,,,~~19,563
2018-09-08,,,20~29,4142
2018-09-08,,,30~39,979
2018-09-08,,,40~49,493
2018-09-08,,,50~59,144
2018-09-08,,,60~69,27
2018-09-08,,,70~~,7
2018-09-08,55470,,,
2018-09-09,,,~~19,538
2018-09-09,,,20~29,3885
2018-09-09,,,30~39,1097
2018-09-09,,,40~49,551
2018-09-09,,,50~59,200
2018-09-09,,,60~69,22
2018-09-09,,,70~~,5
2018-09-09,54213,,,
2018-09-10,,,~~19,267
2018-09-10,,,20~29,2022
2018-09-10,,,30~39,624
2018-09-10,,,40~49,297
2018-09-10,,,50~59,106
2018-09-10,,,60~69,17
2018-09-10,,,70~~,7
2018-09-10,55188,,,
2018-09-11,,,~~19,255
2018-09-11,,,20~29,1848
2018-09-11,,,30~39,508
2018-09-11,,,40~49,265
2018-09-11,,,50~59,103
2018-09-11,,,60~69,18
2018-09-11,,,70~~,5
2018-09-11,56212,,,
2018-09-12,,,~~19,306
2018-09-12,,,20~29,2039
2018-09-12,,,30~39,506
2018-09-12,,,40~49,294
2018-09-12,,,50~59,118
2018-09-12,,,60~69,18
2018-09-12,,,70~~,2
2018-09-12,57363,,,
2018-09-13,,,~~19,277
2018-09-13,,,20~29,1803
2018-09-13,,,30~39,501
2018-09-13,,,40~49,234
2018-09-13,,,50~59,121
2018-09-13,,,60~69,24
2018-09-13,,,70~~,3
2018-09-13,55791,,,
2018-09-14,,,~~19,271
2018-09-14,,,20~29,1576
2018-09-14,,,30~39,426
2018-09-14,,,40~49,272
2018-09-14,,,50~59,84
2018-09-14,,,60~69,19
2018-09-14,,,70~~,2
2018-09-14,49383,,,
2018-09-15,,,~~19,362
2018-09-15,,,20~29,2311
2018-09-15,,,30~39,685
2018-09-15,,,40~49,298
2018-09-15,,,50~59,133
2018-09-15,,,60~69,20
2018-09-15,,,70~~,1
2018-09-15,44808,,,
2018-09-16,,,~~19,208
2018-09-16,,,20~29,1176
2018-09-16,,,30~39,396
2018-09-16,,,40~49,223
2018-09-16,,,50~59,101
2018-09-16,,,60~69,20
2018-09-16,,,70~~,3
2018-09-16,24317,,,
2018-09-17,,,~~19,254
2018-09-17,,,20~29,1883
2018-09-17,,,30~39,477
2018-09-17,,,40~49,240
2018-09-17,,,50~59,106
2018-09-17,,,60~69,19
2018-09-17,,,70~~,4
2018-09-17,55335,,,
2018-09-18,,,~~19,256
2018-09-18,,,20~29,1759
2018-09-18,,,30~39,460
2018-09-18,,,40~49,235
2018-09-18,,,50~59,100
2018-09-18,,,60~69,11
2018-09-18,,,70~~,4
2018-09-18,57691,,,
2018-09-19,,,~~19,157
2018-09-19,,,20~29,1073
2018-09-19,,,30~39,410
2018-09-19,,,40~49,314
2018-09-19,,,50~59,132
2018-09-19,,,60~69,23
2018-09-19,,,70~~,3
2018-09-19,44096,,,
2018-09-20,,,~~19,86
2018-09-20,,,20~29,536
2018-09-20,,,30~39,181
2018-09-20,,,40~49,99
2018-09-20,,,50~59,41
2018-09-20,,,60~69,8
2018-09-20,23616,,,
2018-09-21,,,~~19,162
2018-09-21,,,20~29,977
2018-09-21,,,30~39,270
2018-09-21,,,40~49,135
2018-09-21,,,50~59,40
2018-09-21,,,60~69,15
2018-09-21,,,70~~,5
2018-09-21,32242,,,
2018-09-22,,,~~19,445
2018-09-22,,,20~29,3095
2018-09-22,,,30~39,829
2018-09-22,,,40~49,377
2018-09-22,,,50~59,151
2018-09-22,,,60~69,24
2018-09-22,,,70~~,6
2018-09-22,49688,,,
2018-09-23,,,~~19,489
2018-09-23,,,20~29,2619
2018-09-23,,,30~39,759
2018-09-23,,,40~49,481
2018-09-23,,,50~59,193
2018-09-23,,,60~69,49
2018-09-23,,,70~~,13
2018-09-23,38635,,,
2018-09-24,,,~~19,615
2018-09-24,,,20~29,2916
2018-09-24,,,30~39,877
2018-09-24,,,40~49,599
2018-09-24,,,50~59,323
2018-09-24,,,60~69,64
2018-09-24,,,70~~,12
2018-09-24,36406,,,
2018-09-25,,,~~19,642
2018-09-25,,,20~29,3954
2018-09-25,,,30~39,1191
2018-09-25,,,40~49,805
2018-09-25,,,50~59,309
2018-09-25,,,60~69,59
2018-09-25,,,70~~,13
2018-09-25,49595,,,
2018-09-26,,,~~19,616
2018-09-26,,,20~29,4178
2018-09-26,,,30~39,1283
2018-09-26,,,40~49,728
2018-09-26,,,50~59,287
2018-09-26,,,60~69,50
2018-09-26,,,70~~,7
2018-09-26,57730,,,
2018-09-27,,,~~19,342
2018-09-27,,,20~29,2309
2018-09-27,,,30~39,651
2018-09-27,,,40~49,320
2018-09-27,,,50~59,143
2018-09-27,,,60~69,30
2018-09-27,,,70~~,5
2018-09-27,58200,,,
2018-09-28,,,~~19,424
2018-09-28,,,20~29,2124
2018-09-28,,,30~39,576
2018-09-28,,,40~49,347
2018-09-28,,,50~59,148
2018-09-28,,,60~69,22
2018-09-28,,,70~~,9
2018-09-28,59649,,,
2018-09-29,,,~~19,561
2018-09-29,,,20~29,4428
2018-09-29,,,30~39,1302
2018-09-29,,,40~49,625
2018-09-29,,,50~59,214
2018-09-29,,,60~69,29
2018-09-29,,,70~~,11
2018-09-29,63866,,,
2018-09-30,,,~~19,504
2018-09-30,,,20~29,3360
2018-09-30,,,30~39,1170
2018-09-30,,,40~49,577
2018-09-30,,,50~59,212
2018-09-30,,,60~69,31
2018-09-30,,,70~~,8
2018-09-30,55893,,,
2018-10-01,,,~~19,244
2018-10-01,,,20~29,1396
2018-10-01,,,30~39,469
2018-10-01,,,40~49,248
2018-10-01,,,50~59,87
2018-10-01,,,60~69,22
2018-10-01,,,70~~,8
2018-10-01,51808,,,
2018-10-02,,,~~19,263
2018-10-02,,,20~29,1584
2018-10-02,,,30~39,525
2018-10-02,,,40~49,298
2018-10-02,,,50~59,123
2018-10-02,,,60~69,14
2018-10-02,,,70~~,5
2018-10-02,57280,,,
2018-10-03,,,~~19,530
2018-10-03,,,20~29,4028
2018-10-03,,,30~39,1310
2018-10-03,,,40~49,817
2018-10-03,,,50~59,244
2018-10-03,,,60~69,26
2018-10-03,,,70~~,11
2018-10-03,64671,,,
2018-10-04,,,~~19,308
2018-10-04,,,20~29,1717
2018-10-04,,,30~39,504
2018-10-04,,,40~49,260
2018-10-04,,,50~59,128
2018-10-04,,,60~69,22
2018-10-04,,,70~~,7
2018-10-04,59413,,,
2018-10-05,,,~~19,60
2018-10-05,,,20~29,266
2018-10-05,,,30~39,138
2018-10-05,,,40~49,94
2018-10-05,,,50~59,31
2018-10-05,,,60~69,14
2018-10-05,,,70~~,3
2018-10-05,7772,,,
2018-10-06,,,~~19,365
2018-10-06,,,20~29,1872
2018-10-06,,,30~39,571
2018-10-06,,,40~49,278
2018-10-06,,,50~59,107
2018-10-06,,,60~69,12
2018-10-06,,,70~~,1
2018-10-06,32510,,,
2018-10-07,,,~~19,573
2018-10-07,,,20~29,3360
2018-10-07,,,30~39,1173
2018-10-07,,,40~49,721
2018-10-07,,,50~59,223
2018-10-07,,,60~69,45
2018-10-07,,,70~~,4
2018-10-07,57873,,,
2018-10-08,,,~~19,477
2018-10-08,,,20~29,2004
2018-10-08,,,30~39,727
2018-10-08,,,40~49,350
2018-10-08,,,50~59,133
2018-10-08,,,60~69,24
2018-10-08,,,70~~,7
2018-10-08,57247,,,
2018-10-09,,,~~19,498
2018-10-09,,,20~29,2804
2018-10-09,,,30~39,1034
2018-10-09,,,40~49,682
2018-10-09,,,50~59,219
2018-10-09,,,60~69,36
2018-10-09,,,70~~,5
2018-10-09,61525,,,
2018-10-10,,,~~19,179
2018-10-10,,,20~29,848
2018-10-10,,,30~39,356
2018-10-10,,,40~49,190
2018-10-10,,,50~59,78
2018-10-10,,,60~69,18
2018-10-10,,,70~~,3
2018-10-10,44876,,,
2018-10-11,,,~~19,153
2018-10-11,,,20~29,778
2018-10-11,,,30~39,277
2018-10-11,,,40~49,189
2018-10-11,,,50~59,80
2018-10-11,,,60~69,21
2018-10-11,,,70~~,1
2018-10-11,44489,,,
2018-10-12,,,~~19,274
2018-10-12,,,20~29,1121
2018-10-12,,,30~39,345
2018-10-12,,,40~49,202
2018-10-12,,,50~59,78
2018-10-12,,,60~69,9
2018-10-12,,,70~~,3
2018-10-12,48529,,,
2018-10-13,,,~~19,343
2018-10-13,,,20~29,2027
2018-10-13,,,30~39,727
2018-10-13,,,40~49,434
2018-10-13,,,50~59,128
2018-10-13,,,60~69,24
2018-10-13,,,70~~,7
2018-10-13,49203,,,
2018-10-14,,,~~19,336
2018-10-14,,,20~29,2190
2018-10-14,,,30~39,851
2018-10-14,,,40~49,504
2018-10-14,,,50~59,156
2018-10-14,,,60~69,28
2018-10-14,,,70~~,6
2018-10-14,49025,,,
2018-10-15,,,~~19,232
2018-10-15,,,20~29,1145
2018-10-15,,,30~39,408
2018-10-15,,,40~49,221
2018-10-15,,,50~59,74
2018-10-15,,,60~69,24
2018-10-15,,,70~~,5
2018-10-15,49503,,,
2018-10-16,,,~~19,201
2018-10-16,,,20~29,1002
2018-10-16,,,30~39,364
2018-10-16,,,40~49,212
2018-10-16,,,50~59,81
2018-10-16,,,60~69,11
2018-10-16,,,70~~,5
2018-10-16,51236,,,
2018-10-17,,,~~19,162
2018-10-17,,,20~29,1007
2018-10-17,,,30~39,363
2018-10-17,,,40~49,203
2018-10-17,,,50~59,83
2018-10-17,,,60~69,17
2018-10-17,,,70~~,6
2018-10-17,49795,,,
2018-10-18,,,~~19,192
2018-10-18,,,20~29,843
2018-10-18,,,30~39,352
2018-10-18,,,40~49,214
2018-10-18,,,50~59,80
2018-10-18,,,60~69,18
2018-10-18,,,70~~,3
2018-10-18,49560,,,
2018-10-19,,,~~19,260
2018-10-19,,,20~29,1157
2018-10-19,,,30~39,475
2018-10-19,,,40~49,259
2018-10-19,,,50~59,96
2018-10-19,,,60~69,16
2018-10-19,,,70~~,8
2018-10-19,52122,,,
2018-10-20,,,~~19,400
2018-10-20,,,20~29,2040
2018-10-20,,,30~39,708
2018-10-20,,,40~49,383
2018-10-20,,,50~59,159
2018-10-20,,,60~69,24
2018-10-20,,,70~~,7
2018-10-20,49815,,,
2018-10-21,,,~~19,357
2018-10-21,,,20~29,2076
2018-10-21,,,30~39,837
2018-10-21,,,40~49,479
2018-10-21,,,50~59,174
2018-10-21,,,60~69,27
2018-10-21,,,70~~,10
2018-10-21,48346,,,
2018-10-22,,,~~19,195
2018-10-22,,,20~29,1037
2018-10-22,,,30~39,436
2018-10-22,,,40~49,272
2018-10-22,,,50~59,106
2018-10-22,,,60~69,17
2018-10-22,,,70~~,5
2018-10-22,49889,,,
2018-10-23,,,~~19,116
2018-10-23,,,20~29,702
2018-10-23,,,30~39,249
2018-10-23,,,40~49,147
2018-10-23,,,50~59,79
2018-10-23,,,60~69,9
2018-10-23,,,70~~,2
2018-10-23,40223,,,
2018-10-24,,,~~19,166
2018-10-24,,,20~29,926
2018-10-24,,,30~39,363
2018-10-24,,,40~49,218
2018-10-24,,,50~59,82
2018-10-24,,,60~69,17
2018-10-24,,,70~~,5
2018-10-24,50343,,,
2018-10-25,,,~~19,201
2018-10-25,,,20~29,1003
2018-10-25,,,30~39,384
2018-10-25,,,40~49,231
2018-10-25,,,50~59,86
2018-10-25,,,60~69,21
2018-10-25,,,70~~,6
2018-10-25,52181,,,
2018-10-26,,,~~19,107
2018-10-26,,,20~29,470
2018-10-26,,,30~39,188
2018-10-26,,,40~49,128
2018-10-26,,,50~59,63
2018-10-26,,,60~69,10
2018-10-26,,,70~~,2
2018-10-26,24308,,,
2018-10-27,,,~~19,218
2018-10-27,,,20~29,869
2018-10-27,,,30~39,333
2018-10-27,,,40~49,194
2018-10-27,,,50~59,75
2018-10-27,,,60~69,12
2018-10-27,,,70~~,5
2018-10-27,33699,,,
2018-10-28,,,~~19,123
2018-10-28,,,20~29,590
2018-10-28,,,30~39,217
2018-10-28,,,40~49,161
2018-10-28,,,50~59,65
2018-10-28,,,60~69,12
2018-10-28,,,70~~,2
2018-10-28,20882,,,
2018-10-29,,,~~19,91
2018-10-29,,,20~29,428
2018-10-29,,,30~39,175
2018-10-29,,,40~49,116
2018-10-29,,,50~59,49
2018-10-29,,,60~69,10
2018-10-29,,,70~~,1
2018-10-29,36107,,,
2018-10-30,,,~~19,58
2018-10-30,,,20~29,425
2018-10-30,,,30~39,212
2018-10-30,,,40~49,99
2018-10-30,,,50~59,41
2018-10-30,,,60~69,8
2018-10-30,37382,,,
2018-10-31,,,~~19,92
2018-10-31,,,20~29,438
2018-10-31,,,30~39,218
2018-10-31,,,40~49,127
2018-10-31,,,50~59,46
2018-10-31,,,60~69,6
2018-10-31,,,70~~,2
2018-10-31,39009,,,
2018-11-01,,,~~19,131
2018-11-01,,,20~29,690
2018-11-01,,,30~39,249
2018-11-01,,,40~49,216
2018-11-01,,,50~59,84
2018-11-01,,,60~69,8
2018-11-01,,,70~~,3
2018-11-01,41911,,,
2018-11-02,,,~~19,175
2018-11-02,,,20~29,806
2018-11-02,,,30~39,295
2018-11-02,,,40~49,176
2018-11-02,,,50~59,69
2018-11-02,,,60~69,21
2018-11-02,,,70~~,7
2018-11-02,44917,,,
2018-11-03,,,~~19,271
2018-11-03,,,20~29,1410
2018-11-03,,,30~39,479
2018-11-03,,,40~49,293
2018-11-03,,,50~59,92
2018-11-03,,,60~69,16
2018-11-03,,,70~~,2
2018-11-03,40640,,,
2018-11-04,,,~~19,290
2018-11-04,,,20~29,1533
2018-11-04,,,30~39,515
2018-11-04,,,40~49,310
2018-11-04,,,50~59,123
2018-11-04,,,60~69,16
2018-11-04,,,70~~,3
2018-11-04,39973,,,
2018-11-05,,,~~19,153
2018-11-05,,,20~29,755
2018-11-05,,,30~39,271
2018-11-05,,,40~49,140
2018-11-05,,,50~59,70
2018-11-05,,,60~69,17
2018-11-05,,,70~~,2
2018-11-05,43870,,,
2018-11-06,,,~~19,135
2018-11-06,,,20~29,557
2018-11-06,,,30~39,216
2018-11-06,,,40~49,124
2018-11-06,,,50~59,46
2018-11-06,,,60~69,11
2018-11-06,,,70~~,2
2018-11-06,39680,,,
2018-11-07,,,~~19,91
2018-11-07,,,20~29,370
2018-11-07,,,30~39,135
2018-11-07,,,40~49,101
2018-11-07,,,50~59,41
2018-11-07,,,60~69,9
2018-11-07,,,70~~,1
2018-11-07,29492,,,
2018-11-08,,,~~19,20
2018-11-08,,,20~29,111
2018-11-08,,,30~39,48
2018-11-08,,,40~49,54
2018-11-08,,,50~59,34
2018-11-08,,,60~69,13
2018-11-08,,,70~~,1
2018-11-08,2730,,,
2018-11-09,,,~~19,127
2018-11-09,,,20~29,510
2018-11-09,,,30~39,167
2018-11-09,,,40~49,99
2018-11-09,,,50~59,34
2018-11-09,,,60~69,4
2018-11-09,,,70~~,2
2018-11-09,34673,,,
2018-11-10,,,~~19,250
2018-11-10,,,20~29,956
2018-11-10,,,30~39,281
2018-11-10,,,40~49,142
2018-11-10,,,50~59,65
2018-11-10,,,60~69,14
2018-11-10,,,70~~,6
2018-11-10,34194,,,
2018-11-11,,,~~19,131
2018-11-11,,,20~29,603
2018-11-11,,,30~39,169
2018-11-11,,,40~49,121
2018-11-11,,,50~59,53
2018-11-11,,,60~69,15
2018-11-11,,,70~~,1
2018-11-11,23926,,,
2018-11-12,,,~~19,100
2018-11-12,,,20~29,564
2018-11-12,,,30~39,155
2018-11-12,,,40~49,101
2018-11-12,,,50~59,33
2018-11-12,,,60~69,17
2018-11-12,,,70~~,2
2018-11-12,38706,,,
2018-11-13,,,~~19,106
2018-11-13,,,20~29,502
2018-11-13,,,30~39,213
2018-11-13,,,40~49,114
2018-11-13,,,50~59,55
2018-11-13,,,60~69,18
2018-11-13,,,70~~,4
2018-11-13,40263,,,
2018-11-14,,,~~19,161
2018-11-14,,,20~29,537
2018-11-14,,,30~39,203
2018-11-14,,,40~49,99
2018-11-14,,,50~59,42
2018-11-14,,,60~69,13
2018-11-14,,,70~~,2
2018-11-14,41973,,,
2018-11-15,,,~~19,146
2018-11-15,,,20~29,468
2018-11-15,,,30~39,189
2018-11-15,,,40~49,131
2018-11-15,,,50~59,50
2018-11-15,,,60~69,10
2018-11-15,,,70~~,1
2018-11-15,39702,,,
2018-11-16,,,~~19,190
2018-11-16,,,20~29,434
2018-11-16,,,30~39,164
2018-11-16,,,40~49,116
2018-11-16,,,50~59,47
2018-11-16,,,60~69,8
2018-11-16,,,70~~,3
2018-11-16,37629,,,
2018-11-17,,,~~19,211
2018-11-17,,,20~29,614
2018-11-17,,,30~39,209
2018-11-17,,,40~49,135
2018-11-17,,,50~59,69
2018-11-17,,,60~69,5
2018-11-17,28167,,,
2018-11-18,,,~~19,213
2018-11-18,,,20~29,679
2018-11-18,,,30~39,217
2018-11-18,,,40~49,140
2018-11-18,,,50~59,60
2018-11-18,,,60~69,15
2018-11-18,,,70~~,6
2018-11-18,26464,,,
2018-11-19,,,~~19,120
2018-11-19,,,20~29,411
2018-11-19,,,30~39,157
2018-11-19,,,40~49,77
2018-11-19,,,50~59,37
2018-11-19,,,60~69,6
2018-11-19,,,70~~,2
2018-11-19,34352,,,
2018-11-20,,,~~19,122
2018-11-20,,,20~29,382
2018-11-20,,,30~39,118
2018-11-20,,,40~49,90
2018-11-20,,,50~59,43
2018-11-20,,,60~69,9
2018-11-20,,,70~~,2
2018-11-20,34855,,,
2018-11-21,,,~~19,94
2018-11-21,,,20~29,223
2018-11-21,,,30~39,92
2018-11-21,,,40~49,63
2018-11-21,,,50~59,34
2018-11-21,,,60~69,8
2018-11-21,,,70~~,1
2018-11-21,28140,,,
2018-11-22,,,~~19,111
2018-11-22,,,20~29,205
2018-11-22,,,30~39,96
2018-11-22,,,40~49,63
2018-11-22,,,50~59,29
2018-11-22,,,60~69,6
2018-11-22,,,70~~,3
2018-11-22,29239,,,
2018-11-23,,,~~19,129
2018-11-23,,,20~29,257
2018-11-23,,,30~39,99
2018-11-23,,,40~49,54
2018-11-23,,,50~59,29
2018-11-23,,,60~69,5
2018-11-23,28620,,,
2018-11-24,,,~~19,79
2018-11-24,,,20~29,175
2018-11-24,,,30~39,48
2018-11-24,,,40~49,41
2018-11-24,,,50~59,21
2018-11-24,,,60~69,2
2018-11-24,,,70~~,1
2018-11-24,11255,,,
2018-11-25,,,~~19,180
2018-11-25,,,20~29,458
2018-11-25,,,30~39,139
2018-11-25,,,40~49,93
2018-11-25,,,50~59,39
2018-11-25,,,60~69,11
2018-11-25,,,70~~,2
2018-11-25,19946,,,
2018-11-26,,,~~19,129
2018-11-26,,,20~29,327
2018-11-26,,,30~39,98
2018-11-26,,,40~49,71
2018-11-26,,,50~59,28
2018-11-26,,,60~69,7
2018-11-26,,,70~~,1
2018-11-26,30698,,,
2018-11-27,,,~~19,81
2018-11-27,,,20~29,223
2018-11-27,,,30~39,81
2018-11-27,,,40~49,49
2018-11-27,,,50~59,15
2018-11-27,,,60~69,6
2018-11-27,28806,,,
2018-11-28,,,~~19,101
2018-11-28,,,20~29,278
2018-11-28,,,30~39,96
2018-11-28,,,40~49,62
2018-11-28,,,50~59,22
2018-11-28,,,60~69,8
2018-11-28,29177,,,
2018-11-29,,,~~19,114
2018-11-29,,,20~29,231
2018-11-29,,,30~39,98
2018-11-29,,,40~49,67
2018-11-29,,,50~59,27
2018-11-29,,,60~69,4
2018-11-29,,,70~~,1
2018-11-29,28977,,,
2018-11-30,,,~~19,128
2018-11-30,,,20~29,272
2018-11-30,,,30~39,102
2018-11-30,,,40~49,57
2018-11-30,,,50~59,31
2018-11-30,,,60~69,6
2018-11-30,,,70~~,2
2018-11-30,28557,,,
2018-12-01,,,~~19,180
2018-12-01,,,20~29,518
2018-12-01,,,30~39,166
2018-12-01,,,40~49,86
2018-12-01,,,50~59,38
2018-12-01,,,60~69,12
2018-12-01,,,70~~,2
2018-12-01,24622,,,
2018-12-02,,,~~19,197
2018-12-02,,,20~29,529
2018-12-02,,,30~39,191
2018-12-02,,,40~49,94
2018-12-02,,,50~59,40
2018-12-02,,,60~69,6
2018-12-02,,,70~~,1
2018-12-02,23035,,,
2018-12-03,,,~~19,59
2018-12-03,,,20~29,144
2018-12-03,,,30~39,71
2018-12-03,,,40~49,40
2018-12-03,,,50~59,15
2018-12-03,,,60~69,9
2018-12-03,,,70~~,1
2018-12-03,10638,,,
2018-12-04,,,~~19,89
2018-12-04,,,20~29,210
2018-12-04,,,30~39,72
2018-12-04,,,40~49,36
2018-12-04,,,50~59,18
2018-12-04,,,60~69,2
2018-12-04,20029,,,
2018-12-05,,,~~19,75
2018-12-05,,,20~29,187
2018-12-05,,,30~39,70
2018-12-05,,,40~49,66
2018-12-05,,,50~59,20
2018-12-05,,,60~69,10
2018-12-05,,,70~~,2
2018-12-05,23535,,,
2018-12-06,,,~~19,92
2018-12-06,,,20~29,170
2018-12-06,,,30~39,59
2018-12-06,,,40~49,48
2018-12-06,,,50~59,10
2018-12-06,,,60~69,6
2018-12-06,,,70~~,1
2018-12-06,23788,,,
2018-12-07,,,~~19,33
2018-12-07,,,20~29,72
2018-12-07,,,30~39,36
2018-12-07,,,40~49,22
2018-12-07,,,50~59,5
2018-12-07,,,60~69,5
2018-12-07,,,70~~,2
2018-12-07,15148,,,
2018-12-08,,,~~19,40
2018-12-08,,,20~29,82
2018-12-08,,,30~39,39
2018-12-08,,,40~49,19
2018-12-08,,,50~59,6
2018-12-08,,,60~69,1
2018-12-08,9824,,,
2018-12-09,,,~~19,40
2018-12-09,,,20~29,93
2018-12-09,,,30~39,30
2018-12-09,,,40~49,16
2018-12-09,,,50~59,16
2018-12-09,,,60~69,2
2018-12-09,8749,,,
2018-12-10,,,~~19,37
2018-12-10,,,20~29,105
2018-12-10,,,30~39,45
2018-12-10,,,40~49,33
2018-12-10,,,50~59,9
2018-12-10,,,60~69,2
2018-12-10,17987,,,
2018-12-11,,,~~19,44
2018-12-11,,,20~29,121
2018-12-11,,,30~39,66
2018-12-11,,,40~49,45
2018-12-11,,,50~59,18
2018-12-11,,,60~69,4
2018-12-11,,,70~~,2
2018-12-11,20805,,,
2018-12-12,,,~~19,58
2018-12-12,,,20~29,109
2018-12-12,,,30~39,60
2018-12-12,,,40~49,25
2018-12-12,,,50~59,9
2018-12-12,,,60~69,2
2018-12-12,19339,,,
2018-12-13,,,~~19,15
2018-12-13,,,20~29,68
2018-12-13,,,30~39,27
2018-12-13,,,40~49,29
2018-12-13,,,50~59,6
2018-12-13,,,60~69,7
2018-12-13,11765,,,
2018-12-14,,,~~19,49
2018-12-14,,,20~29,83
2018-12-14,,,30~39,46
2018-12-14,,,40~49,20
2018-12-14,,,50~59,15
2018-12-14,,,60~69,1
2018-12-14,14932,,,
2018-12-15,,,~~19,61
2018-12-15,,,20~29,149
2018-12-15,,,30~39,45
2018-12-15,,,40~49,36
2018-12-15,,,50~59,15
2018-12-15,,,60~69,7
2018-12-15,12720,,,
2018-12-16,,,~~19,63
2018-12-16,,,20~29,156
2018-12-16,,,30~39,42
2018-12-16,,,40~49,34
2018-12-16,,,50~59,16
2018-12-16,,,60~69,4
2018-12-16,10783,,,
2018-12-17,,,~~19,57
2018-12-17,,,20~29,155
2018-12-17,,,30~39,51
2018-12-17,,,40~49,40
2018-12-17,,,50~59,13
2018-12-17,,,60~69,3
2018-12-17,,,70~~,2
2018-12-17,17449,,,
2018-12-18,,,~~19,75
2018-12-18,,,20~29,186
2018-12-18,,,30~39,71
2018-12-18,,,40~49,62
2018-12-18,,,50~59,21
2018-12-18,,,60~69,1
2018-12-18,20917,,,
2018-12-19,,,~~19,92
2018-12-19,,,20~29,186
2018-12-19,,,30~39,75
2018-12-19,,,40~49,55
2018-12-19,,,50~59,18
2018-12-19,,,60~69,3
2018-12-19,21970,,,
2018-12-20,,,~~19,99
2018-12-20,,,20~29,253
2018-12-20,,,30~39,104
2018-12-20,,,40~49,56
2018-12-20,,,50~59,24
2018-12-20,,,60~69,2
2018-12-20,,,70~~,1
2018-12-20,22881,,,
2018-12-21,,,~~19,125
2018-12-21,,,20~29,416
2018-12-21,,,30~39,160
2018-12-21,,,40~49,70
2018-12-21,,,50~59,21
2018-12-21,,,60~69,5
2018-12-21,,,70~~,1
2018-12-21,23422,,,
2018-12-22,,,~~19,118
2018-12-22,,,20~29,349
2018-12-22,,,30~39,101
2018-12-22,,,40~49,45
2018-12-22,,,50~59,17
2018-12-22,,,60~69,6
2018-12-22,17127,,,
2018-12-23,,,~~19,131
2018-12-23,,,20~29,273
2018-12-23,,,30~39,89
2018-12-23,,,40~49,68
2018-12-23,,,50~59,27
2018-12-23,,,60~69,8
2018-12-23,,,70~~,3
2018-12-23,13601,,,
2018-12-24,,,~~19,74
2018-12-24,,,20~29,155
2018-12-24,,,30~39,61
2018-12-24,,,40~49,37
2018-12-24,,,50~59,9
2018-12-24,,,60~69,2
2018-12-24,16579,,,
2018-12-25,,,~~19,96
2018-12-25,,,20~29,242
2018-12-25,,,30~39,73
2018-12-25,,,40~49,53
2018-12-25,,,50~59,25
2018-12-25,,,60~69,7
2018-12-25,,,70~~,1
2018-12-25,12437,,,
2018-12-26,,,~~19,71
2018-12-26,,,20~29,176
2018-12-26,,,30~39,41
2018-12-26,,,40~49,24
2018-12-26,,,50~59,21
2018-12-26,,,60~69,3
2018-12-26,,,70~~,2
2018-12-26,17112,,,
2018-12-27,,,~~19,26
2018-12-27,,,20~29,78
2018-12-27,,,30~39,25
2018-12-27,,,40~49,15
2018-12-27,,,50~59,9
2018-12-27,,,60~69,6
2018-12-27,11325,,,
2018-12-28,,,~~19,22
2018-12-28,,,20~29,66
2018-12-28,,,30~39,36
2018-12-28,,,40~49,20
2018-12-28,,,50~59,6
2018-12-28,10445,,,
2018-12-29,,,~~19,24
2018-12-29,,,20~29,73
2018-12-29,,,30~39,43
2018-12-29,,,40~49,20
2018-12-29,,,50~59,6
2018-12-29,,,60~69,2
2018-12-29,8083,,,
2018-12-30,,,~~19,31
2018-12-30,,,20~29,110
2018-12-30,,,30~39,46
2018-12-30,,,40~49,21
2018-12-30,,,50~59,13
2018-12-30,,,60~69,1
2018-12-30,,,70~~,1
2018-12-30,7864,,,
2018-12-31,,,~~19,49
2018-12-31,,,20~29,112
2018-12-31,,,30~39,49
2018-12-31,,,40~49,22
2018-12-31,,,50~59,10
2018-12-31,,,60~69,2
2018-12-31,,,70~~,1
2018-12-31,11911,,,
2019-01-01,8601,,,
2019-01-02,14360,,,
2019-01-03,16344,,,
2019-01-04,17308,,,
2019-01-05,12380,,,
2019-01-06,11094,,,
2019-01-07,16795,,,
2019-01-08,15833,,,
2019-01-09,15819,,,
2019-01-10,17894,,,
2019-01-11,19271,,,
2019-01-12,14519,,,
2019-01-13,11751,,,
2019-01-14,14818,,,
2019-01-15,14761,,,
2019-01-16,15823,,,
2019-01-17,17960,,,
2019-01-18,18901,,,
2019-01-19,14883,,,
2019-01-20,11191,,,
2019-01-21,17240,,,
2019-01-22,19885,,,
2019-01-23,19163,,,
2019-01-24,20057,,,
2019-01-25,18159,,,
2019-01-26,13203,,,
2019-01-27,12440,,,
2019-01-28,17317,,,
2019-01-29,19477,,,
2019-01-30,20677,,,
2019-01-31,17649,,,
2019-02-01,17696,,,
2019-02-02,13742,,,
2019-02-03,2010,,,
2019-02-04,8562,,,
2019-02-05,9119,,,
2019-02-06,13694,,,
2019-02-07,14533,,,
2019-02-08,14782,,,
2019-02-09,11760,,,
2019-02-10,9759,,,
2019-02-11,16881,,,
2019-02-12,18862,,,
2019-02-13,18411,,,
2019-02-14,19376,,,
2019-02-15,9213,,,
2019-02-16,12641,,,
2019-02-17,13390,,,
2019-02-18,19916,,,
2019-02-19,11689,,,
2019-02-20,19572,,,
2019-02-21,20995,,,
2019-02-22,21727,,,
2019-02-23,23742,,,
2019-02-24,21933,,,
2019-02-25,23445,,,
2019-02-26,28010,,,
2019-02-27,28652,,,
2019-02-28,27431,,,
2019-03-01,21751,,,
2019-03-02,22503,,,
2019-03-03,24382,,,
2019-03-04,26887,,,
2019-03-05,24042,,,
2019-03-06,25379,,,
2019-03-07,31156,,,
2019-03-08,33073,,,
2019-03-09,32421,,,
2019-03-10,31050,,,
2019-03-11,28539,,,
2019-03-12,25537,,,
2019-03-13,28653,,,
2019-03-14,30997,,,
2019-03-15,20481,,,
2019-03-16,26057,,,
2019-03-17,35622,,,
2019-03-18,36313,,,
2019-03-19,39908,,,
2019-03-20,16204,,,
2019-03-21,26455,,,
2019-03-22,32363,,,
2019-03-23,21696,,,
2019-03-24,31622,,,
2019-03-25,34226,,,
2019-03-26,42644,,,
2019-03-27,35832,,,
2019-03-28,38806,,,
2019-03-29,43893,,,
2019-03-30,14001,,,
2019-03-31,22326,,,
